id,fabricCode,colorCode
1,100% Cotton,Black #17
2,100% Cotton,Charcoal Grey #12
3,100% Cotton,Dark Indigo #16
4,100% Cotton,Deep Navy #14
5,100% Cotton,Dusty Pink #7
6,100% Cotton,Heather Grey #10
7,100% Cotton,Light Blue #3
8,100% Cotton,Light Grey #5
9,100% Cotton,Light Pink #6
10,100% Cotton,Light Sky Blue #2
11,100% Cotton,Light Slate Blue #9
12,100% Cotton,Midnight Blue #15
13,100% Cotton,Off White #1
14,100% Cotton,Olive Grey #11
15,100% Cotton,Peach Nude #18
16,100% Cotton,Powder Blue #4
17,100% Cotton,Rose Pink #8
18,100% Cotton,Wine Red #13
19,100% Cotton Oxford,Baby Pink with White Stripe - 314008-05
20,100% Cotton Oxford,Beige with White Stripe - F675-01
21,100% Cotton Oxford,Black and Blue Stripe - CVC3112-02
22,100% Cotton Oxford,Black and Green Stripe - CVC3112-05
23,100% Cotton Oxford,Black and Light Blue Stripe - CVC3112-09
24,100% Cotton Oxford,Black and Maroon Stripe - CVC3112-07
25,100% Cotton Oxford,Black and Mustard Stripe - CVC3112-06
26,100% Cotton Oxford,Black and Pink Stripe - CVC3112-04
27,100% Cotton Oxford,Black and Sky Blue Stripe - CVC3112-03
28,100% Cotton Oxford,Black and Teal Stripe - CVC3112-08
29,100% Cotton Oxford,Black and White Stripe - CVC3112-01
30,100% Cotton Oxford,Black with White Stripe - 310012-12
31,100% Cotton Oxford,Black with White Stripe - 314008-12
32,100% Cotton Oxford,Blue with White Stripe - 310012-04
33,100% Cotton Oxford,Blue with White Stripe - 314008-04
34,100% Cotton Oxford,Brown with White Stripe - 310012-10
35,100% Cotton Oxford,Burnt Orange with White Stripe - F675-04
36,100% Cotton Oxford,Camel with White Stripe - 314008-10
37,100% Cotton Oxford,Charcoal Grey with White Stripe - 312046-11
38,100% Cotton Oxford,Charcoal Grey with White Stripe - F675-05
39,100% Cotton Oxford,Coral Red with White Stripe - 314008-09
40,100% Cotton Oxford,Dark Grey with White Stripe - 310012-11
41,100% Cotton Oxford,Dark Grey with White Stripe - 312046-12
42,100% Cotton Oxford,Dark Grey with White Stripe - 314008-11
43,100% Cotton Oxford,Denim Blue with White Stripe - 312046-03
44,100% Cotton Oxford,Dusty Red with White Stripe - 310012-09
45,100% Cotton Oxford,Dusty Red with White Stripe - 312046-09
46,100% Cotton Oxford,Grey with White Stripe - 314008-01
47,100% Cotton Oxford,Lavender with White Stripe - 310012-06
48,100% Cotton Oxford,Lavender with White Stripe - 312046-06
49,100% Cotton Oxford,Light Blue with White Stripe - 310012-03
50,100% Cotton Oxford,Light Blue with White Stripe - 312046-02
51,100% Cotton Oxford,Light Blue with White Stripe - 314008-02
52,100% Cotton Oxford,Light Grey with White Stripe - 310012-01
53,100% Cotton Oxford,Light Grey with White Stripe - 312046-01
54,100% Cotton Oxford,Lilac with White Stripe - 314008-06
55,100% Cotton Oxford,Mint Green with White Stripe - 310012-08
56,100% Cotton Oxford,Mint Green with White Stripe - 312046-08
57,100% Cotton Oxford,Mint Green with White Stripe - 314008-08
58,100% Cotton Oxford,Pale Blue with White Stripe - 310012-02
59,100% Cotton Oxford,Peach Orange with White Stripe - 314008-07
60,100% Cotton Oxford,Pink with White Stripe - 310012-05
61,100% Cotton Oxford,Pink with White Stripe - 312046-05
62,100% Cotton Oxford,Royal Blue with White Stripe - 312046-04
63,100% Cotton Oxford,Sage Green with White Stripe - F675-02
64,100% Cotton Oxford,Sky Blue with White Stripe - 314008-03
65,100% Cotton Oxford,Sky Blue with White Stripe - F675-03
66,100% Cotton Oxford,Soft Orange with White Stripe - 310012-07
67,100% Cotton Oxford,Soft Orange with White Stripe - 312046-07
68,100% Cotton Oxford,Tan Beige with White Stripe - 312046-10
69,Custom Camo Print,Camouflage
70,Custom Leopard Print,Inventory Color - Chocolate
71,Custom Leopard Print,Inventory Color - Mocha
72,Custom Leopard Print,MTO Color - Chocolate
73,Custom Leopard Print,MTO Color - Mocha
74,DF6003#,Custom Color - Apple Green - #18
75,DF6003#,Custom Color - Apricot - #90
76,DF6003#,Custom Color - Army Green - #59
77,DF6003#,Custom Color - Ash Grey - #71
78,DF6003#,Custom Color - Baby Pink - #74
79,DF6003#,Custom Color - Beige - #4
80,DF6003#,Custom Color - Black - #112
81,DF6003#,Custom Color - Black - #114
82,DF6003#,Custom Color - Black - #67
83,DF6003#,Custom Color - Blush - #117
84,DF6003#,Custom Color - Blush Pink - #7
85,DF6003#,Custom Color - Brick Red - #82
86,DF6003#,Custom Color - Bright Blue - #29
87,DF6003#,Custom Color - Bright Blue - #86
88,DF6003#,Custom Color - Bright Red - #103
89,DF6003#,Custom Color - Bright Red - #45
90,DF6003#,Custom Color - Burnt Orange - #44
91,DF6003#,Custom Color - Camel - #35
92,DF6003#,Custom Color - Charcoal Grey - #61
93,DF6003#,Custom Color - Chocolate Brown - #111
94,DF6003#,Custom Color - Cobalt Blue - #54
95,DF6003#,Custom Color - Cool Grey - #25
96,DF6003#,Custom Color - Coral Pink - #37
97,DF6003#,Custom Color - Cream - #5
98,DF6003#,Custom Color - Cream Beige - #89
99,DF6003#,Custom Color - Crimson Red - #56
100,DF6003#,Custom Color - Dark Brown - #110
101,DF6003#,Custom Color - Dark Brown - #65
102,DF6003#,Custom Color - Dark Green - #58
103,DF6003#,Custom Color - Dark Grey - #62
104,DF6003#,Custom Color - Deep Blue - #55
105,DF6003#,Custom Color - Deep Navy - #79
106,DF6003#,Custom Color - Deep Orange - #42
107,DF6003#,Custom Color - Deep Purple - #98
108,DF6003#,Custom Color - Denim Blue - #50
109,DF6003#,Custom Color - Dusty Mauve - #77
110,DF6003#,Custom Color - Dusty Nude - #105
111,DF6003#,Custom Color - Dusty Pink - #13
112,DF6003#,Custom Color - Dusty Rose - #34
113,DF6003#,Custom Color - Electric Blue - #84
114,DF6003#,Custom Color - Emerald Green - #48
115,DF6003#,Custom Color - Fuchsia - #40
116,DF6003#,Custom Color - Golden Yellow - #15
117,DF6003#,Custom Color - Grass Green - #107
118,DF6003#,Custom Color - Green - #96
119,DF6003#,Custom Color - Grey - #113
120,DF6003#,Custom Color - Grey Green - #27
121,DF6003#,Custom Color - Heather Grey - #6
122,DF6003#,Custom Color - Hot Pink - #39
123,DF6003#,Custom Color - Ice Blue - #1
124,DF6003#,Custom Color - Ice Blue - #69
125,DF6003#,Custom Color - Indigo Blue - #102
126,DF6003#,Custom Color - Ivory - #116
127,DF6003#,Custom Color - Jade Green - #21
128,DF6003#,Custom Color - Jet Black - #52
129,DF6003#,Custom Color - Khaki - #33
130,DF6003#,Custom Color - Lavender - #92
131,DF6003#,Custom Color - Lemon Yellow - #14
132,DF6003#,Custom Color - Light Beige - #120
133,DF6003#,Custom Color - Light Blue - #24
134,DF6003#,Custom Color - Light Green - #101
135,DF6003#,Custom Color - Light Khaki - #76
136,DF6003#,Custom Color - Light Nude - #73
137,DF6003#,Custom Color - Light Pink - #10
138,DF6003#,Custom Color - Light Steel Blue - #53
139,DF6003#,Custom Color - Lilac - #97
140,DF6003#,Custom Color - Lime Green - #17
141,DF6003#,Custom Color - Mauve - #72
142,DF6003#,Custom Color - Mid Grey - #31
143,DF6003#,Custom Color - Midnight Blue - #64
144,DF6003#,Custom Color - Mint Green - #19
145,DF6003#,Custom Color - Mocha - #36
146,DF6003#,Custom Color - Mustard Yellow - #16
147,DF6003#,Custom Color - Navy - #81
148,DF6003#,Custom Color - Navy Blue - #63
149,DF6003#,Custom Color - Nude - #9
150,DF6003#,Custom Color - Nude Beige - #93
151,DF6003#,Custom Color - Off White - #118
152,DF6003#,Custom Color - Olive Green - #51
153,DF6003#,Custom Color - Orange - #41
154,DF6003#,Custom Color - Pale Aqua - #23
155,DF6003#,Custom Color - Pale Mint - #78
156,DF6003#,Custom Color - Pastel Yellow - #83
157,DF6003#,Custom Color - Peach - #75
158,DF6003#,Custom Color - Peach Pink - #12
159,DF6003#,Custom Color - Pink - #85
160,DF6003#,Custom Color - Powder Blue - #22
161,DF6003#,Custom Color - Powder Blue - #94
162,DF6003#,Custom Color - Pure White - #2
163,DF6003#,Custom Color - Purple - #80
164,DF6003#,Custom Color - Red - #115
165,DF6003#,Custom Color - Red - #119
166,DF6003#,Custom Color - Red Orange - #43
167,DF6003#,Custom Color - Rose Pink - #11
168,DF6003#,Custom Color - Royal Blue - #49
169,DF6003#,Custom Color - Rust Brown - #91
170,DF6003#,Custom Color - Rust Red - #87
171,DF6003#,Custom Color - Sage Green - #26
172,DF6003#,Custom Color - Salmon - #38
173,DF6003#,Custom Color - Sand - #70
174,DF6003#,Custom Color - Sky Blue - #95
175,DF6003#,Custom Color - Slate Blue - #28
176,DF6003#,Custom Color - Slate Grey - #60
177,DF6003#,Custom Color - Soft Pink - #8
178,DF6003#,Custom Color - Soft Yellow - #88
179,DF6003#,Custom Color - Steel Blue - #30
180,DF6003#,Custom Color - Tan - #99
181,DF6003#,Custom Color - Tan Brown - #47
182,DF6003#,Custom Color - Taupe - #32
183,DF6003#,Custom Color - Teal - #20
184,DF6003#,Custom Color - Teal Blue - #108
185,DF6003#,Custom Color - True Red - #46
186,DF6003#,Custom Color - Turquoise - #100
187,DF6003#,Custom Color - Washed Black - #68
188,DF6003#,Custom Color - White - #109
189,DF6003#,Custom Color - Wine Red - #66
190,DF6003#,Custom Color - Yellow - #106
191,DF6003#,MTO Color - Black - #104
192,DF6003#,MTO Color - Burgundy - #57
193,DF6003#,MTO Color - Off White - #3
194,Daxin #CM3108,Inventory Color - Sport Grey - Daxin #CM3108 - #4
195,Daxin #CM3108,MTO Color - Sport Grey - Daxin #CM3108 - #4
196,Daxin #CM3108,MTO Color - Sporty Grey - Daxin #CM3108 - Sport Grey #4
197,Dongsheng Hengwang #13208 220G,Custom Colors - - Black
198,Dongsheng Hengwang #13208 220G,Custom Colors - - White
199,Dongsheng Hengwang #13208 220G,Custom Colors - Blues - #101
200,Dongsheng Hengwang #13208 220G,Custom Colors - Blues - #105
201,Dongsheng Hengwang #13208 220G,Custom Colors - Blues - #107
202,Dongsheng Hengwang #13208 220G,Custom Colors - Blues - #110
203,Dongsheng Hengwang #13208 220G,Custom Colors - Blues - #15
204,Dongsheng Hengwang #13208 220G,Custom Colors - Blues - #18
205,Dongsheng Hengwang #13208 220G,Custom Colors - Blues - #19
206,Dongsheng Hengwang #13208 220G,Custom Colors - Blues - #34
207,Dongsheng Hengwang #13208 220G,Custom Colors - Blues - #4
208,Dongsheng Hengwang #13208 220G,Custom Colors - Blues - #46
209,Dongsheng Hengwang #13208 220G,Custom Colors - Blues - #62
210,Dongsheng Hengwang #13208 220G,Custom Colors - Blues - #64
211,Dongsheng Hengwang #13208 220G,Custom Colors - Blues - #79
212,Dongsheng Hengwang #13208 220G,Custom Colors - Blues - #82
213,Dongsheng Hengwang #13208 220G,Custom Colors - Blues - #90
214,Dongsheng Hengwang #13208 220G,Custom Colors - Blues - #97
215,Dongsheng Hengwang #13208 220G,Custom Colors - Grays - #115
216,Dongsheng Hengwang #13208 220G,Custom Colors - Grays - #24
217,Dongsheng Hengwang #13208 220G,Custom Colors - Grays - #37
218,Dongsheng Hengwang #13208 220G,Custom Colors - Grays - #52
219,Dongsheng Hengwang #13208 220G,Custom Colors - Grays - #54
220,Dongsheng Hengwang #13208 220G,Custom Colors - Grays - #55
221,Dongsheng Hengwang #13208 220G,Custom Colors - Grays - #59
222,Dongsheng Hengwang #13208 220G,Custom Colors - Grays - #69
223,Dongsheng Hengwang #13208 220G,Custom Colors - Grays - #7
224,Dongsheng Hengwang #13208 220G,Custom Colors - Greens - #100
225,Dongsheng Hengwang #13208 220G,Custom Colors - Greens - #106
226,Dongsheng Hengwang #13208 220G,Custom Colors - Greens - #11
227,Dongsheng Hengwang #13208 220G,Custom Colors - Greens - #112
228,Dongsheng Hengwang #13208 220G,Custom Colors - Greens - #16
229,Dongsheng Hengwang #13208 220G,Custom Colors - Greens - #21
230,Dongsheng Hengwang #13208 220G,Custom Colors - Greens - #22
231,Dongsheng Hengwang #13208 220G,Custom Colors - Greens - #28
232,Dongsheng Hengwang #13208 220G,Custom Colors - Greens - #33
233,Dongsheng Hengwang #13208 220G,Custom Colors - Greens - #35
234,Dongsheng Hengwang #13208 220G,Custom Colors - Greens - #36
235,Dongsheng Hengwang #13208 220G,Custom Colors - Greens - #41
236,Dongsheng Hengwang #13208 220G,Custom Colors - Greens - #45
237,Dongsheng Hengwang #13208 220G,Custom Colors - Greens - #51
238,Dongsheng Hengwang #13208 220G,Custom Colors - Greens - #58
239,Dongsheng Hengwang #13208 220G,Custom Colors - Greens - #6
240,Dongsheng Hengwang #13208 220G,Custom Colors - Greens - #63
241,Dongsheng Hengwang #13208 220G,Custom Colors - Greens - #74
242,Dongsheng Hengwang #13208 220G,Custom Colors - Greens - #83
243,Dongsheng Hengwang #13208 220G,Custom Colors - Greens - #92
244,Dongsheng Hengwang #13208 220G,Custom Colors - Greens - #99
245,Dongsheng Hengwang #13208 220G,Custom Colors - Neutrals - #102
246,Dongsheng Hengwang #13208 220G,Custom Colors - Neutrals - #108
247,Dongsheng Hengwang #13208 220G,Custom Colors - Neutrals - #114
248,Dongsheng Hengwang #13208 220G,Custom Colors - Neutrals - #12
249,Dongsheng Hengwang #13208 220G,Custom Colors - Neutrals - #20
250,Dongsheng Hengwang #13208 220G,Custom Colors - Neutrals - #29
251,Dongsheng Hengwang #13208 220G,Custom Colors - Neutrals - #3
252,Dongsheng Hengwang #13208 220G,Custom Colors - Neutrals - #30
253,Dongsheng Hengwang #13208 220G,Custom Colors - Neutrals - #39
254,Dongsheng Hengwang #13208 220G,Custom Colors - Neutrals - #42
255,Dongsheng Hengwang #13208 220G,Custom Colors - Neutrals - #43
256,Dongsheng Hengwang #13208 220G,Custom Colors - Neutrals - #47
257,Dongsheng Hengwang #13208 220G,Custom Colors - Neutrals - #5
258,Dongsheng Hengwang #13208 220G,Custom Colors - Neutrals - #78
259,Dongsheng Hengwang #13208 220G,Custom Colors - Neutrals - #80
260,Dongsheng Hengwang #13208 220G,Custom Colors - Neutrals - #89
261,Dongsheng Hengwang #13208 220G,Custom Colors - Neutrals - #98
262,Dongsheng Hengwang #13208 220G,Custom Colors - Oranges - #10
263,Dongsheng Hengwang #13208 220G,Custom Colors - Oranges - #32
264,Dongsheng Hengwang #13208 220G,Custom Colors - Oranges - #71
265,Dongsheng Hengwang #13208 220G,Custom Colors - Oranges - #94
266,Dongsheng Hengwang #13208 220G,Custom Colors - Pinks - #17
267,Dongsheng Hengwang #13208 220G,Custom Colors - Pinks - #23
268,Dongsheng Hengwang #13208 220G,Custom Colors - Pinks - #40
269,Dongsheng Hengwang #13208 220G,Custom Colors - Pinks - #44
270,Dongsheng Hengwang #13208 220G,Custom Colors - Pinks - #48
271,Dongsheng Hengwang #13208 220G,Custom Colors - Pinks - #49
272,Dongsheng Hengwang #13208 220G,Custom Colors - Pinks - #50
273,Dongsheng Hengwang #13208 220G,Custom Colors - Pinks - #57
274,Dongsheng Hengwang #13208 220G,Custom Colors - Pinks - #61
275,Dongsheng Hengwang #13208 220G,Custom Colors - Pinks - #85
276,Dongsheng Hengwang #13208 220G,Custom Colors - Pinks - #9
277,Dongsheng Hengwang #13208 220G,Custom Colors - Pinks - #96
278,Dongsheng Hengwang #13208 220G,Custom Colors - Purples - #103
279,Dongsheng Hengwang #13208 220G,Custom Colors - Purples - #81
280,Dongsheng Hengwang #13208 220G,Custom Colors - Purples - #84
281,Dongsheng Hengwang #13208 220G,Custom Colors - Purples - #88
282,Dongsheng Hengwang #13208 220G,Custom Colors - Purples - #91
283,Dongsheng Hengwang #13208 220G,Custom Colors - Purples - #93
284,Dongsheng Hengwang #13208 220G,Custom Colors - Purples - #95
285,Dongsheng Hengwang #13208 220G,Custom Colors - Reds - #1
286,Dongsheng Hengwang #13208 220G,Custom Colors - Reds - #31
287,Dongsheng Hengwang #13208 220G,Custom Colors - Reds - #38
288,Dongsheng Hengwang #13208 220G,Custom Colors - Reds - #56
289,Dongsheng Hengwang #13208 220G,Custom Colors - Reds - #60
290,Dongsheng Hengwang #13208 220G,Custom Colors - Reds - #65
291,Dongsheng Hengwang #13208 220G,Custom Colors - Reds - #67
292,Dongsheng Hengwang #13208 220G,Custom Colors - Reds - #70
293,Dongsheng Hengwang #13208 220G,Custom Colors - Reds - #72
294,Dongsheng Hengwang #13208 220G,Custom Colors - Reds - #73
295,Dongsheng Hengwang #13208 220G,Custom Colors - Reds - #77
296,Dongsheng Hengwang #13208 220G,Custom Colors - Reds - #87
297,Dongsheng Hengwang #13208 220G,Custom Colors - Yellows - #104
298,Dongsheng Hengwang #13208 220G,Custom Colors - Yellows - #14
299,Dongsheng Hengwang #13208 220G,Custom Colors - Yellows - #26
300,Dongsheng Hengwang #13208 220G,Custom Colors - Yellows - #53
301,Dongsheng Hengwang #13208 220G,Custom Colors - Yellows - #66
302,Dongsheng Hengwang #13208 220G,Custom Colors - Yellows - #86
303,Dongsheng Hengwang #13208 220G,Inventory - Navy - #76
304,Dongsheng Hengwang #13208 220G,Inventory - Navy - #76; White - #03
305,Dongsheng Hengwang #13208 220G,Inventory - White - #03
306,Dongsheng Hengwang #13208 220G,Inventory Color - Baby Blue - #15
307,Dongsheng Hengwang #13208 220G,Inventory Color - Baby Pink - #49
308,Dongsheng Hengwang #13208 220G,Inventory Color - Black - #75
309,Dongsheng Hengwang #13208 220G,Inventory Color - Crimson - #56; White - #27
310,Dongsheng Hengwang #13208 220G,Inventory Color - Off White - #3
311,Dongsheng Hengwang #13208 220G,Inventory Color - White - #27
312,Dongsheng Hengwang #13208 220G,MTO - Baby Pink - #49; White - #27
313,Dongsheng Hengwang #13208 220G,MTO - Baby Yellow -#47
314,Dongsheng Hengwang #13208 220G,MTO - Black - #75
315,Dongsheng Hengwang #13208 220G,MTO - Dark Green - #63
316,Dongsheng Hengwang #13208 220G,MTO - Light Purple - #103
317,Dongsheng Hengwang #13208 220G,MTO - Off White - #3
318,Dongsheng Hengwang #13208 220G,MTO - Purple - #84
319,Dongsheng Hengwang #13208 220G,MTO - Royal - #62
320,Dongsheng Hengwang #13208 220G,MTO - Toasted - #70
321,Dongsheng Hengwang #13208 220G,MTO - White - #03: Yellow #116
322,Dongsheng Hengwang #13208 220G,MTO - White - #03; Chocolate - #20
323,Dongsheng Hengwang #13208 220G,MTO Color - Baby Blue - #15; White - #03
324,Dongsheng Hengwang #13208 220G,MTO Color - Baby Blue White - #15/#27
325,Dongsheng Hengwang #13208 220G,MTO Color - Baby Pink White - #49/#27
326,Dongsheng Hengwang #13208 220G,MTO Color - Baby Yellow - #47
327,Dongsheng Hengwang #13208 220G,MTO Color - Black - #75
328,Dongsheng Hengwang #13208 220G,MTO Color - Black - #75; White - #03
329,Dongsheng Hengwang #13208 220G,MTO Color - Black White - #75/#27
330,Dongsheng Hengwang #13208 220G,MTO Color - Blue- #97
331,Dongsheng Hengwang #13208 220G,MTO Color - Chocolate - #20
332,Dongsheng Hengwang #13208 220G,MTO Color - Crimson - #56
333,Dongsheng Hengwang #13208 220G,MTO Color - Crimson White - #56/#27
334,Dongsheng Hengwang #13208 220G,MTO Color - Dark Green - #63
335,Dongsheng Hengwang #13208 220G,MTO Color - Light Purple - #103
336,Dongsheng Hengwang #13208 220G,MTO Color - Navy - #76
337,Dongsheng Hengwang #13208 220G,MTO Color - Oat - #102
338,Dongsheng Hengwang #13208 220G,MTO Color - Oat - #102; White - #03
339,Dongsheng Hengwang #13208 220G,MTO Color - Oat-White - #102/#27
340,Dongsheng Hengwang #13208 220G,MTO Color - Off White - #3
341,Dongsheng Hengwang #13208 220G,MTO Color - Purple - #84
342,Dongsheng Hengwang #13208 220G,MTO Color - Purple - #84; White - #03
343,Dongsheng Hengwang #13208 220G,MTO Color - Purple White - #84/#27
344,Dongsheng Hengwang #13208 220G,MTO Color - Royal - #62
345,Dongsheng Hengwang #13208 220G,MTO Color - Royal Blue - #62; White - #03
346,Dongsheng Hengwang #13208 220G,MTO Color - Royal Blue-White - #62/#27
347,Dongsheng Hengwang #13208 220G,MTO Color - Sage Green - #106
348,Dongsheng Hengwang #13208 220G,MTO Color - Toasted - #70
349,Dongsheng Hengwang #13208 220G,MTO Color - White Chocolate - #27/#20
350,Dongsheng Hengwang #13208 220G,MTO Color -Abyss - #111
351,Dongsheng Hengwang #13208 220G,MTO Color -Amethyst - #81
352,Dongsheng Hengwang #13208 220G,MTO Color -Arctic - #79
353,Dongsheng Hengwang #13208 220G,MTO Color -Bay - #45
354,Dongsheng Hengwang #13208 220G,MTO Color -Blackberry - #68
355,Dongsheng Hengwang #13208 220G,MTO Color -Blue Jean - #4
356,Dongsheng Hengwang #13208 220G,MTO Color -Bone - #52
357,Dongsheng Hengwang #13208 220G,MTO Color -Bordeaux - #147
358,Dongsheng Hengwang #13208 220G,MTO Color -Bubblegum - #40
359,Dongsheng Hengwang #13208 220G,MTO Color -Butter - #133
360,Dongsheng Hengwang #13208 220G,MTO Color -Buttercream - #116
361,Dongsheng Hengwang #13208 220G,MTO Color -Cacao - #114
362,Dongsheng Hengwang #13208 220G,MTO Color -Cadet - #36
363,Dongsheng Hengwang #13208 220G,MTO Color -Canary - #26
364,Dongsheng Hengwang #13208 220G,MTO Color -Cantaloupe - #98
365,Dongsheng Hengwang #13208 220G,MTO Color -Caramel - #89
366,Dongsheng Hengwang #13208 220G,MTO Color -Cashmere - #119
367,Dongsheng Hengwang #13208 220G,MTO Color -Cayenne - #60
368,Dongsheng Hengwang #13208 220G,MTO Color -Chai - #120
369,Dongsheng Hengwang #13208 220G,MTO Color -Chartreuse - #58
370,Dongsheng Hengwang #13208 220G,MTO Color -Clay Dust - #137
371,Dongsheng Hengwang #13208 220G,MTO Color -Clementine - #10
372,Dongsheng Hengwang #13208 220G,MTO Color -Cloud - #16
373,Dongsheng Hengwang #13208 220G,MTO Color -Cornflower Blue - #90
374,Dongsheng Hengwang #13208 220G,MTO Color -Cornsilk - #5
375,Dongsheng Hengwang #13208 220G,MTO Color -Cotton Candy - #9
376,Dongsheng Hengwang #13208 220G,MTO Color -Cranberry - #143
377,Dongsheng Hengwang #13208 220G,MTO Color -Cream - #123
378,Dongsheng Hengwang #13208 220G,MTO Color -Currant - #72
379,Dongsheng Hengwang #13208 220G,MTO Color -Daffodil - #86
380,Dongsheng Hengwang #13208 220G,MTO Color -Dark Mocha - #124
381,Dongsheng Hengwang #13208 220G,MTO Color -Dark Olive - #35
382,Dongsheng Hengwang #13208 220G,MTO Color -Delft - #110
383,Dongsheng Hengwang #13208 220G,MTO Color -Dune - #122
384,Dongsheng Hengwang #13208 220G,MTO Color -Dune Grass - #141
385,Dongsheng Hengwang #13208 220G,MTO Color -Dusk Blue - #101
386,Dongsheng Hengwang #13208 220G,MTO Color -Dusk Taupe - #139
387,Dongsheng Hengwang #13208 220G,MTO Color -Dusty Rose - #108
388,Dongsheng Hengwang #13208 220G,MTO Color -Ecru - #80
389,Dongsheng Hengwang #13208 220G,MTO Color -Eggshell - #138
390,Dongsheng Hengwang #13208 220G,MTO Color -Ember - #65
391,Dongsheng Hengwang #13208 220G,MTO Color -Emerald - #74
392,Dongsheng Hengwang #13208 220G,MTO Color -Espresso - #59
393,Dongsheng Hengwang #13208 220G,MTO Color -Espresso Bean - #146
394,Dongsheng Hengwang #13208 220G,MTO Color -Faded Rose - #43
395,Dongsheng Hengwang #13208 220G,MTO Color -Firecracker - #67
396,Dongsheng Hengwang #13208 220G,MTO Color -Fjord - #112
397,Dongsheng Hengwang #13208 220G,MTO Color -Flax - #92
398,Dongsheng Hengwang #13208 220G,MTO Color -Fog - #125
399,Dongsheng Hengwang #13208 220G,MTO Color -Frost - #131
400,Dongsheng Hengwang #13208 220G,MTO Color -Fuchsia - #17
401,Dongsheng Hengwang #13208 220G,MTO Color -Ginger - #71
402,Dongsheng Hengwang #13208 220G,MTO Color -Ginger Snap - #30
403,Dongsheng Hengwang #13208 220G,MTO Color -Glacier - #127
404,Dongsheng Hengwang #13208 220G,MTO Color -Glacier Grey - #100
405,Dongsheng Hengwang #13208 220G,MTO Color -Habanero - #32
406,Dongsheng Hengwang #13208 220G,MTO Color -Haze - #37
407,Dongsheng Hengwang #13208 220G,MTO Color -Hibiscus - #50
408,Dongsheng Hengwang #13208 220G,MTO Color -Hot Pink - #38
409,Dongsheng Hengwang #13208 220G,MTO Color -Hydrangea - #82
410,Dongsheng Hengwang #13208 220G,MTO Color -Ice - #46
411,Dongsheng Hengwang #13208 220G,MTO Color -Iris - #105
412,Dongsheng Hengwang #13208 220G,MTO Color -Juniper - #51
413,Dongsheng Hengwang #13208 220G,MTO Color -Kiwi - #6
414,Dongsheng Hengwang #13208 220G,MTO Color -Lead - #55
415,Dongsheng Hengwang #13208 220G,MTO Color -Lilac - #88
416,Dongsheng Hengwang #13208 220G,MTO Color -Lily - #128
417,Dongsheng Hengwang #13208 220G,MTO Color -Magenta - #93
418,Dongsheng Hengwang #13208 220G,MTO Color -Mahogany - #13
419,Dongsheng Hengwang #13208 220G,MTO Color -Marmalade - #94
420,Dongsheng Hengwang #13208 220G,MTO Color -Mauve - #91
421,Dongsheng Hengwang #13208 220G,MTO Color -Merlot - #31
422,Dongsheng Hengwang #13208 220G,MTO Color -Milk - #78
423,Dongsheng Hengwang #13208 220G,MTO Color -Mint - #21
424,Dongsheng Hengwang #13208 220G,MTO Color -Mulberry - #113
425,Dongsheng Hengwang #13208 220G,MTO Color -Mustard - #66
426,Dongsheng Hengwang #13208 220G,MTO Color -Nightshade - #8
427,Dongsheng Hengwang #13208 220G,MTO Color -Nutmeg - #12
428,Dongsheng Hengwang #13208 220G,MTO Color -Oasis - #11
429,Dongsheng Hengwang #13208 220G,MTO Color -Oxblood - #145
430,Dongsheng Hengwang #13208 220G,MTO Color -Peach Puff - #29
431,Dongsheng Hengwang #13208 220G,MTO Color -Pearl - #134
432,Dongsheng Hengwang #13208 220G,MTO Color -Petunia - #130
433,Dongsheng Hengwang #13208 220G,MTO Color -Pink Sherbet - #117
434,Dongsheng Hengwang #13208 220G,MTO Color -Pitch - #109
435,Dongsheng Hengwang #13208 220G,MTO Color -Plum Slate - #34
436,Dongsheng Hengwang #13208 220G,MTO Color -Powder Blue - #132
437,Dongsheng Hengwang #13208 220G,MTO Color -Putty - #42
438,Dongsheng Hengwang #13208 220G,MTO Color -Rain - #24
439,Dongsheng Hengwang #13208 220G,MTO Color -Red - #77
440,Dongsheng Hengwang #13208 220G,MTO Color -Reef - #28
441,Dongsheng Hengwang #13208 220G,MTO Color -Rhubarb - #87
442,Dongsheng Hengwang #13208 220G,MTO Color -Robin Egg - #22
443,Dongsheng Hengwang #13208 220G,MTO Color -Rosebud - #48
444,Dongsheng Hengwang #13208 220G,MTO Color -Rosewood - #61
445,Dongsheng Hengwang #13208 220G,MTO Color -Sage Mist - #136
446,Dongsheng Hengwang #13208 220G,MTO Color -Salsa - #1
447,Dongsheng Hengwang #13208 220G,MTO Color -Sapphire - #64
448,Dongsheng Hengwang #13208 220G,MTO Color -Scarlet - #73
449,Dongsheng Hengwang #13208 220G,MTO Color -Sea Glass - #83
450,Dongsheng Hengwang #13208 220G,MTO Color -Shaker Blue - #7
451,Dongsheng Hengwang #13208 220G,MTO Color -Shamrock - #41
452,Dongsheng Hengwang #13208 220G,MTO Color -Shell Pink - #85
453,Dongsheng Hengwang #13208 220G,MTO Color -Shortbread - #129
454,Dongsheng Hengwang #13208 220G,MTO Color -Silver - #135
455,Dongsheng Hengwang #13208 220G,MTO Color -Sky - #18
456,Dongsheng Hengwang #13208 220G,MTO Color -Smoke - #69
457,Dongsheng Hengwang #13208 220G,MTO Color -Snow - #3
458,Dongsheng Hengwang #13208 220G,MTO Color -Sparrow - #142
459,Dongsheng Hengwang #13208 220G,MTO Color -Steel - #115
460,Dongsheng Hengwang #13208 220G,MTO Color -Straw - #126
461,Dongsheng Hengwang #13208 220G,MTO Color -Strawberry - #57
462,Dongsheng Hengwang #13208 220G,MTO Color -Suede - #39
463,Dongsheng Hengwang #13208 220G,MTO Color -Sunflower - #14
464,Dongsheng Hengwang #13208 220G,MTO Color -Timber - #121
465,Dongsheng Hengwang #13208 220G,MTO Color -Tin - #54
466,Dongsheng Hengwang #13208 220G,MTO Color -Tropic - #99
467,Dongsheng Hengwang #13208 220G,MTO Color -Truffle - #33
468,Dongsheng Hengwang #13208 220G,MTO Color -Tupelo - #140
469,Dongsheng Hengwang #13208 220G,MTO Color -Tutu - #96
470,Dongsheng Hengwang #13208 220G,MTO Color -Twilight - #107
471,Dongsheng Hengwang #13208 220G,MTO Color -Void - #2
472,Dongsheng Hengwang #13208 220G,MTO Color -Washed Denim - #19
473,Dongsheng Hengwang #13208 220G,MTO Color -Watermelon - #23
474,Dongsheng Hengwang #13208 220G,MTO Color -Wine - #144
475,Dongsheng Hengwang #13261,Custom Color - Apple Green - #115
476,Dongsheng Hengwang #13261,Custom Color - Aqua Blue - #44
477,Dongsheng Hengwang #13261,Custom Color - Army Green - #79
478,Dongsheng Hengwang #13261,Custom Color - Baby Pink - #22
479,Dongsheng Hengwang #13261,Custom Color - Beige - #124
480,Dongsheng Hengwang #13261,Custom Color - Beige - #6
481,Dongsheng Hengwang #13261,Custom Color - Black - #126
482,Dongsheng Hengwang #13261,Custom Color - Black - #146
483,Dongsheng Hengwang #13261,Custom Color - Blush - #30
484,Dongsheng Hengwang #13261,Custom Color - Blush Pink - #102
485,Dongsheng Hengwang #13261,Custom Color - Brick Red - #29
486,Dongsheng Hengwang #13261,Custom Color - Bright Blue - #90
487,Dongsheng Hengwang #13261,Custom Color - Bright Green - #144
488,Dongsheng Hengwang #13261,Custom Color - Bright Orange - #20
489,Dongsheng Hengwang #13261,Custom Color - Bright Orange - #59
490,Dongsheng Hengwang #13261,Custom Color - Bright Orange - #87
491,Dongsheng Hengwang #13261,Custom Color - Bright Red - #1
492,Dongsheng Hengwang #13261,Custom Color - Bright Red - #105
493,Dongsheng Hengwang #13261,Custom Color - Burgundy - #104
494,Dongsheng Hengwang #13261,Custom Color - Burgundy - #41
495,Dongsheng Hengwang #13261,Custom Color - Burnt Orange - #98
496,Dongsheng Hengwang #13261,Custom Color - Camel - #54
497,Dongsheng Hengwang #13261,Custom Color - Charcoal Grey - #34
498,Dongsheng Hengwang #13261,Custom Color - Coffee Brown - #48
499,Dongsheng Hengwang #13261,Custom Color - Coral - #110
500,Dongsheng Hengwang #13261,Custom Color - Coral - #129
501,Dongsheng Hengwang #13261,Custom Color - Coral - #31
502,Dongsheng Hengwang #13261,Custom Color - Coral Pink - #66
503,Dongsheng Hengwang #13261,Custom Color - Cornflower Blue - #24
504,Dongsheng Hengwang #13261,Custom Color - Cream - #40
505,Dongsheng Hengwang #13261,Custom Color - Dark Brown - #42
506,Dongsheng Hengwang #13261,Custom Color - Dark Olive - #32
507,Dongsheng Hengwang #13261,Custom Color - Dark Plum - #8
508,Dongsheng Hengwang #13261,Custom Color - Dark Taupe - #68
509,Dongsheng Hengwang #13261,Custom Color - Deep Black - #2
510,Dongsheng Hengwang #13261,Custom Color - Deep Green - #122
511,Dongsheng Hengwang #13261,Custom Color - Deep Purple - #18
512,Dongsheng Hengwang #13261,Custom Color - Deep Red - #52
513,Dongsheng Hengwang #13261,Custom Color - Denim Blue - #130
514,Dongsheng Hengwang #13261,Custom Color - Dusty Coral - #10
515,Dongsheng Hengwang #13261,Custom Color - Dusty Pink - #64
516,Dongsheng Hengwang #13261,Custom Color - Dusty Rose - #43
517,Dongsheng Hengwang #13261,Custom Color - Emerald - #99
518,Dongsheng Hengwang #13261,Custom Color - Emerald Green - #25
519,Dongsheng Hengwang #13261,Custom Color - Forest Green - #106
520,Dongsheng Hengwang #13261,Custom Color - Forest Green - #56
521,Dongsheng Hengwang #13261,Custom Color - Fuchsia - #62
522,Dongsheng Hengwang #13261,Custom Color - Golden Yellow - #67
523,Dongsheng Hengwang #13261,Custom Color - Green - #136
524,Dongsheng Hengwang #13261,Custom Color - Grey - #35
525,Dongsheng Hengwang #13261,Custom Color - Grey - #93
526,Dongsheng Hengwang #13261,Custom Color - Grey Green - #60
527,Dongsheng Hengwang #13261,Custom Color - Heather Grey - #86
528,Dongsheng Hengwang #13261,Custom Color - Hot Pink - #16
529,Dongsheng Hengwang #13261,Custom Color - Jet Black - #135
530,Dongsheng Hengwang #13261,Custom Color - Khaki - #107
531,Dongsheng Hengwang #13261,Custom Color - Khaki - #13
532,Dongsheng Hengwang #13261,Custom Color - Lavender - #11
533,Dongsheng Hengwang #13261,Custom Color - Lemon Yellow - #94
534,Dongsheng Hengwang #13261,Custom Color - Light Beige - #88
535,Dongsheng Hengwang #13261,Custom Color - Light Green - #117
536,Dongsheng Hengwang #13261,Custom Color - Light Green - #92
537,Dongsheng Hengwang #13261,Custom Color - Light Grey - #33
538,Dongsheng Hengwang #13261,Custom Color - Light Peach - #73
539,Dongsheng Hengwang #13261,Custom Color - Light Pink - #69
540,Dongsheng Hengwang #13261,Custom Color - Light Taupe - #101
541,Dongsheng Hengwang #13261,Custom Color - Light Yellow - #61
542,Dongsheng Hengwang #13261,Custom Color - Lilac - #57
543,Dongsheng Hengwang #13261,Custom Color - Lime Green - #140
544,Dongsheng Hengwang #13261,Custom Color - Lime Green - #77
545,Dongsheng Hengwang #13261,Custom Color - Lime Yellow - #120
546,Dongsheng Hengwang #13261,Custom Color - Magenta - #76
547,Dongsheng Hengwang #13261,Custom Color - Maroon - #47
548,Dongsheng Hengwang #13261,Custom Color - Mauve - #51
549,Dongsheng Hengwang #13261,Custom Color - Mint Green - #112
550,Dongsheng Hengwang #13261,Custom Color - Mustard - #119
551,Dongsheng Hengwang #13261,Custom Color - Mustard Yellow - #138
552,Dongsheng Hengwang #13261,Custom Color - Mustard Yellow - #27
553,Dongsheng Hengwang #13261,Custom Color - Muted Green - #72
554,Dongsheng Hengwang #13261,Custom Color - Navy - #95
555,Dongsheng Hengwang #13261,Custom Color - Navy Blue - #12
556,Dongsheng Hengwang #13261,Custom Color - Neon Orange - #50
557,Dongsheng Hengwang #13261,Custom Color - Neon Yellow - #145
558,Dongsheng Hengwang #13261,Custom Color - Nude Pink - #55
559,Dongsheng Hengwang #13261,Custom Color - Off White - #4
560,Dongsheng Hengwang #13261,Custom Color - Olive - #108
561,Dongsheng Hengwang #13261,Custom Color - Olive Green - #143
562,Dongsheng Hengwang #13261,Custom Color - Olive Green - #9
563,Dongsheng Hengwang #13261,Custom Color - Orange - #109
564,Dongsheng Hengwang #13261,Custom Color - Orange - #128
565,Dongsheng Hengwang #13261,Custom Color - Pale Pink - #39
566,Dongsheng Hengwang #13261,Custom Color - Pale Yellow - #49
567,Dongsheng Hengwang #13261,Custom Color - Pastel Pink - #81
568,Dongsheng Hengwang #13261,Custom Color - Pastel Yellow - #89
569,Dongsheng Hengwang #13261,Custom Color - Peach - #121
570,Dongsheng Hengwang #13261,Custom Color - Peach - #14
571,Dongsheng Hengwang #13261,Custom Color - Peach Orange - #118
572,Dongsheng Hengwang #13261,Custom Color - Peach Orange - #45
573,Dongsheng Hengwang #13261,Custom Color - Peach Pink - #75
574,Dongsheng Hengwang #13261,Custom Color - Periwinkle Blue - #141
575,Dongsheng Hengwang #13261,Custom Color - Pink - #127
576,Dongsheng Hengwang #13261,Custom Color - Pink - #74
577,Dongsheng Hengwang #13261,Custom Color - Plum - #85
578,Dongsheng Hengwang #13261,Custom Color - Powder Blue - #63
579,Dongsheng Hengwang #13261,Custom Color - Purple - #7
580,Dongsheng Hengwang #13261,Custom Color - Raspberry - #80
581,Dongsheng Hengwang #13261,Custom Color - Red - #26
582,Dongsheng Hengwang #13261,Custom Color - Red - #96
583,Dongsheng Hengwang #13261,Custom Color - Red Orange - #139
584,Dongsheng Hengwang #13261,Custom Color - Rose Pink - #134
585,Dongsheng Hengwang #13261,Custom Color - Rose Pink - #65
586,Dongsheng Hengwang #13261,Custom Color - Royal Blue - #137
587,Dongsheng Hengwang #13261,Custom Color - Royal Blue - #84
588,Dongsheng Hengwang #13261,Custom Color - Rust Brown - #21
589,Dongsheng Hengwang #13261,Custom Color - Rust Orange - #91
590,Dongsheng Hengwang #13261,Custom Color - Rust Red - #133
591,Dongsheng Hengwang #13261,Custom Color - Sage - #113
592,Dongsheng Hengwang #13261,Custom Color - Sage Green - #58
593,Dongsheng Hengwang #13261,Custom Color - Salmon - #70
594,Dongsheng Hengwang #13261,Custom Color - Sand - #36
595,Dongsheng Hengwang #13261,Custom Color - Sand Beige - #97
596,Dongsheng Hengwang #13261,Custom Color - Sky Blue - #15
597,Dongsheng Hengwang #13261,Custom Color - Slate Grey - #100
598,Dongsheng Hengwang #13261,Custom Color - Soft Pink - #114
599,Dongsheng Hengwang #13261,Custom Color - Soft Pink - #142
600,Dongsheng Hengwang #13261,Custom Color - Soft Pink - #28
601,Dongsheng Hengwang #13261,Custom Color - Soft Purple - #71
602,Dongsheng Hengwang #13261,Custom Color - Soft White - #5
603,Dongsheng Hengwang #13261,Custom Color - Steel Blue - #132
604,Dongsheng Hengwang #13261,Custom Color - Steel Blue - #19
605,Dongsheng Hengwang #13261,Custom Color - Taupe - #125
606,Dongsheng Hengwang #13261,Custom Color - Taupe - #23
607,Dongsheng Hengwang #13261,Custom Color - Teal - #103
608,Dongsheng Hengwang #13261,Custom Color - Teal Blue - #111
609,Dongsheng Hengwang #13261,Custom Color - Teal Blue - #131
610,Dongsheng Hengwang #13261,Custom Color - Teal Blue - #83
611,Dongsheng Hengwang #13261,Custom Color - Teal Green - #123
612,Dongsheng Hengwang #13261,Custom Color - Teal Green - #17
613,Dongsheng Hengwang #13261,Custom Color - True Red - #82
614,Dongsheng Hengwang #13261,Custom Color - Violet - #37
615,Dongsheng Hengwang #13261,Custom Color - White - #3
616,Dongsheng Hengwang #13261,Custom Color - Wine Red - #78
617,Dongsheng Hengwang #13261,Custom Color - Yellow - #116
618,Dongsheng Hengwang #13261,Custom Color - Yellow - #53
619,Dongsheng Hengwang #13261,MTO Color - Denim Blue - #38
620,Dongsheng Hengwang #13261,MTO Color - Slate Blue - #46
621,Fleece - 330GSM 65% Cotton 35% Polyester,Custom Color - Aqua Blue - #24
622,Fleece - 330GSM 65% Cotton 35% Polyester,Custom Color - Black Marble Print - #50
623,Fleece - 330GSM 65% Cotton 35% Polyester,Custom Color - Black and White Abstract Print - #41
624,Fleece - 330GSM 65% Cotton 35% Polyester,Custom Color - Blue Gradient Print - #43
625,Fleece - 330GSM 65% Cotton 35% Polyester,Custom Color - Blush Pink - #21
626,Fleece - 330GSM 65% Cotton 35% Polyester,Custom Color - Bright Orange - #1
627,Fleece - 330GSM 65% Cotton 35% Polyester,Custom Color - Bright Red - #31
628,Fleece - 330GSM 65% Cotton 35% Polyester,Custom Color - Camouflage Green Print - #44
629,Fleece - 330GSM 65% Cotton 35% Polyester,Custom Color - Charcoal Heather (Melange) - #38
630,Fleece - 330GSM 65% Cotton 35% Polyester,Custom Color - Crimson Red - #15
631,Fleece - 330GSM 65% Cotton 35% Polyester,Custom Color - Dark Grey Texture Print - #42
632,Fleece - 330GSM 65% Cotton 35% Polyester,Custom Color - Dark Olive Green - #8
633,Fleece - 330GSM 65% Cotton 35% Polyester,Custom Color - Deep Navy Blue - #2
634,Fleece - 330GSM 65% Cotton 35% Polyester,Custom Color - Dusty Pink - #49
635,Fleece - 330GSM 65% Cotton 35% Polyester,Custom Color - Emerald Green - #28
636,Fleece - 330GSM 65% Cotton 35% Polyester,Custom Color - Forest Green - #23
637,Fleece - 330GSM 65% Cotton 35% Polyester,Custom Color - Golden Yellow - #14
638,Fleece - 330GSM 65% Cotton 35% Polyester,Custom Color - Grass Green - #5
639,Fleece - 330GSM 65% Cotton 35% Polyester,Custom Color - Hot Pink - #13
640,Fleece - 330GSM 65% Cotton 35% Polyester,Custom Color - Ice Blue - #46
641,Fleece - 330GSM 65% Cotton 35% Polyester,Custom Color - Jet Black - #30
642,Fleece - 330GSM 65% Cotton 35% Polyester,Custom Color - Khaki - #20
643,Fleece - 330GSM 65% Cotton 35% Polyester,Custom Color - Lavender - #32
644,Fleece - 330GSM 65% Cotton 35% Polyester,Custom Color - Lemon Yellow - #11
645,Fleece - 330GSM 65% Cotton 35% Polyester,Custom Color - Light Beige - #48
646,Fleece - 330GSM 65% Cotton 35% Polyester,Custom Color - Light Grey - #16
647,Fleece - 330GSM 65% Cotton 35% Polyester,Custom Color - Lime Green - #22
648,Fleece - 330GSM 65% Cotton 35% Polyester,Custom Color - Medium Grey - #36
649,Fleece - 330GSM 65% Cotton 35% Polyester,Custom Color - Moss Green - #25
650,Fleece - 330GSM 65% Cotton 35% Polyester,Custom Color - Mustard Brown - #35
651,Fleece - 330GSM 65% Cotton 35% Polyester,Custom Color - Neon Green - #47
652,Fleece - 330GSM 65% Cotton 35% Polyester,Custom Color - Neon Yellow - #33
653,Fleece - 330GSM 65% Cotton 35% Polyester,Custom Color - Neon Yellow - #9
654,Fleece - 330GSM 65% Cotton 35% Polyester,Custom Color - Olive Drab - #18
655,Fleece - 330GSM 65% Cotton 35% Polyester,Custom Color - Pale Yellow - #17
656,Fleece - 330GSM 65% Cotton 35% Polyester,Custom Color - Peach - #6
657,Fleece - 330GSM 65% Cotton 35% Polyester,Custom Color - Pink Abstract Print - #45
658,Fleece - 330GSM 65% Cotton 35% Polyester,Custom Color - Powder Blue - #39
659,Fleece - 330GSM 65% Cotton 35% Polyester,Custom Color - Pure White - #37
660,Fleece - 330GSM 65% Cotton 35% Polyester,Custom Color - Royal Blue - #34
661,Fleece - 330GSM 65% Cotton 35% Polyester,Custom Color - Royal Purple - #27
662,Fleece - 330GSM 65% Cotton 35% Polyester,Custom Color - Saddle Brown - #12
663,Fleece - 330GSM 65% Cotton 35% Polyester,Custom Color - Sand Beige - #4
664,Fleece - 330GSM 65% Cotton 35% Polyester,Custom Color - Silver Grey - #29
665,Fleece - 330GSM 65% Cotton 35% Polyester,Custom Color - Sky Blue - #19
666,Fleece - 330GSM 65% Cotton 35% Polyester,Custom Color - Slate Grey - #40
667,Fleece - 330GSM 65% Cotton 35% Polyester,Custom Color - Steel Blue - #3
668,Fleece - 330GSM 65% Cotton 35% Polyester,Custom Color - Teal Blue - #26
669,Fleece - 330GSM 65% Cotton 35% Polyester,Custom Color - True Red - #7
670,Fleece - 330GSM 65% Cotton 35% Polyester,Custom Color - Vivid Orange - #10
671,Hua Fang #8039,Custom Colors - A1#16 - Yellows
672,Hua Fang #8039,Custom Colors - Black A#29
673,Hua Fang #8039,Custom Colors - White A1#3
674,Hua Fang #8039,Inventory Color - Beige - 8039 - #J22
675,Hua Fang #8039,Inventory Color - Forest - 8039 - #J36
676,Hua Fang #8039,Inventory Color - Millennial Pink - 8039 - #J47
677,Hua Fang #8039,Inventory Color - Smokey - C1184
678,Hua Fang #8039,MTO Color - Ash # - 30
679,Hua Fang #8039,MTO Color - Ballet # - 47
680,Hua Fang #8039,MTO Color - Barley # - 59
681,Hua Fang #8039,MTO Color - Beige - 8039 - #J22
682,Hua Fang #8039,MTO Color - Birch # - 22
683,Hua Fang #8039,MTO Color - Biscuit # - 07
684,Hua Fang #8039,MTO Color - Bisque # - 28
685,Hua Fang #8039,MTO Color - Blue Fog # - 75
686,Hua Fang #8039,MTO Color - Bluebell # - 48
687,Hua Fang #8039,MTO Color - Blush # - 54
688,Hua Fang #8039,MTO Color - Brick # - 09
689,Hua Fang #8039,MTO Color - Burgundy # - 18
690,Hua Fang #8039,MTO Color - Buttermilk - Hua Fang #8039 - Buttermilk #J7
691,Hua Fang #8039,MTO Color - Canyon # - 06
692,Hua Fang #8039,MTO Color - Cardinal # - 10
693,Hua Fang #8039,MTO Color - Carnation # - 11
694,Hua Fang #8039,MTO Color - Cedar # - 25
695,Hua Fang #8039,MTO Color - Celadon # - 67
696,Hua Fang #8039,MTO Color - Chalky Mint # - 32
697,Hua Fang #8039,MTO Color - Chambray # - 23
698,Hua Fang #8039,MTO Color - Champagne # - 65
699,Hua Fang #8039,MTO Color - Cherry # - 43
700,Hua Fang #8039,MTO Color - Citron # - 70
701,Hua Fang #8039,MTO Color - Clay # - 49
702,Hua Fang #8039,MTO Color - Cobalt # - 14
703,Hua Fang #8039,MTO Color - Copper # - 17
704,Hua Fang #8039,MTO Color - Cove # - 42
705,Hua Fang #8039,MTO Color - Crimson - 8039 - #J18
706,Hua Fang #8039,MTO Color - Crimson - Hua Fang #8039 - Crimson #J18
707,Hua Fang #8039,MTO Color - Deep Teal # - 15
708,Hua Fang #8039,MTO Color - Denim # - 19
709,Hua Fang #8039,MTO Color - Eclipse # - 55
710,Hua Fang #8039,MTO Color - Evergreen # - 36
711,Hua Fang #8039,MTO Color - Flame # - 53
712,Hua Fang #8039,MTO Color - Flo Blue # - 46
713,Hua Fang #8039,MTO Color - Forest - 8039 - #J36
714,Hua Fang #8039,MTO Color - Goldenrod # - 35
715,Hua Fang #8039,MTO Color - Grape # - 60
716,Hua Fang #8039,MTO Color - Graphite # - 12
717,Hua Fang #8039,MTO Color - Guava # - 44
718,Hua Fang #8039,MTO Color - Gunmetal # - 34
719,Hua Fang #8039,MTO Color - Harvest # - 16
720,Hua Fang #8039,MTO Color - Heather # - 52
721,Hua Fang #8039,MTO Color - Hickory # - 37
722,Hua Fang #8039,MTO Color - Ivory # - 02
723,Hua Fang #8039,MTO Color - Ivory # - 03
724,Hua Fang #8039,MTO Color - Jet # - 57
725,Hua Fang #8039,MTO Color - Kumquat # - 69
726,Hua Fang #8039,MTO Color - Lavender # - 64
727,Hua Fang #8039,MTO Color - Lemon # - 08
728,Hua Fang #8039,MTO Color - Meadow # - 73
729,Hua Fang #8039,MTO Color - Melon # - 71
730,Hua Fang #8039,MTO Color - Meringue # - 50
731,Hua Fang #8039,MTO Color - Millennial Pink - 8039 - #J47
732,Hua Fang #8039,MTO Color - Moss # - 61
733,Hua Fang #8039,MTO Color - Nectar # - 74
734,Hua Fang #8039,MTO Color - Ochre # - 13
735,Hua Fang #8039,MTO Color - Orchid # - 38
736,Hua Fang #8039,MTO Color - Papaya # - 62
737,Hua Fang #8039,MTO Color - Parchment # - 02
738,Hua Fang #8039,MTO Color - Peacock # - 58
739,Hua Fang #8039,MTO Color - Pecan # - 21
740,Hua Fang #8039,MTO Color - Pepper # - 39
741,Hua Fang #8039,MTO Color - Periwinkle # - 29
742,Hua Fang #8039,MTO Color - Pewter # - 04
743,Hua Fang #8039,MTO Color - Pine # - 20
744,Hua Fang #8039,MTO Color - Pistachio # - 63
745,Hua Fang #8039,MTO Color - Plum # - 31
746,Hua Fang #8039,MTO Color - Poppy # - 56
747,Hua Fang #8039,MTO Color - Powder Pink Hua Fang #8039 - Powder Pink#J54
748,Hua Fang #8039,MTO Color - Rose # - 01
749,Hua Fang #8039,MTO Color - Royal Blue - 8039 - #J14
750,Hua Fang #8039,MTO Color - Royal Blue - Book A - #J14
751,Hua Fang #8039,MTO Color - Sand # - 05
752,Hua Fang #8039,MTO Color - Sienna # - 33
753,Hua Fang #8039,MTO Color - Smokey - C1184
754,Hua Fang #8039,MTO Color - Sorbet # - 68
755,Hua Fang #8039,MTO Color - Spearmint # - 51
756,Hua Fang #8039,MTO Color - Splash # - 45
757,Hua Fang #8039,MTO Color - Stone # - 24
758,Hua Fang #8039,MTO Color - Sumac # - 26
759,Hua Fang #8039,MTO Color - Terracotta # - 66
760,Hua Fang #8039,MTO Color - Topaz # - 72
761,Hua Fang #8039,MTO Color - Woodland # - 27
762,Hua Fang #J9228,Custom Color - Amber - J9228 - #J15
763,Hua Fang #J9228,Custom Color - Apricot - J9228 - #J13
764,Hua Fang #J9228,Custom Color - Aqua - J9228 - #J49
765,Hua Fang #J9228,Custom Color - Bayou - J9228 - #J60
766,Hua Fang #J9228,Custom Color - Beige - J9228 - #J13
767,Hua Fang #J9228,Custom Color - Blossom - J9228 - #J1
768,Hua Fang #J9228,Custom Color - Boysenberry - J9228 - #J62
769,Hua Fang #J9228,Custom Color - Bright Yellow - J9228 - #J52
770,Hua Fang #J9228,Custom Color - Brownie - J9228 - #J66
771,Hua Fang #J9228,Custom Color - Burgundy - J9228 - #J70
772,Hua Fang #J9228,Custom Color - Butterscotch - J9228 - #J23
773,Hua Fang #J9228,Custom Color - Camel - J9228 - #J7
774,Hua Fang #J9228,Custom Color - Charcoal - J9228 - #J74
775,Hua Fang #J9228,Custom Color - Cinnamon - J9228 - #J12
776,Hua Fang #J9228,Custom Color - Clover Leaf - J9228 - #J29
777,Hua Fang #J9228,Custom Color - Cocoa - J9228 - #J55
778,Hua Fang #J9228,Custom Color - Cool Grey - J9228 - #J35
779,Hua Fang #J9228,Custom Color - Coral - J9228 - #J9
780,Hua Fang #J9228,Custom Color - Cream - J9228 - #J32
781,Hua Fang #J9228,Custom Color - Crimson - J9228 - #J44
782,Hua Fang #J9228,Custom Color - Dark Brown - J9228 - #J66
783,Hua Fang #J9228,Custom Color - Deep Bay - J9228 - #J10
784,Hua Fang #J9228,Custom Color - Dusk - J9228 - #J42
785,Hua Fang #J9228,Custom Color - Dusty Pink - J9228 - #J27
786,Hua Fang #J9228,Custom Color - Fawn - J9228 - #J75
787,Hua Fang #J9228,Custom Color - Fern - J9228 - #J65
788,Hua Fang #J9228,Custom Color - Flamingo - J9228 - #J58
789,Hua Fang #J9228,Custom Color - Fossil - J9228 - #J72
790,Hua Fang #J9228,Custom Color - Garnet - J9228 - #J54
791,Hua Fang #J9228,Custom Color - Honey - J9228 - #J64
792,Hua Fang #J9228,Custom Color - Honeydew - J9228 - #J8
793,Hua Fang #J9228,Custom Color - Indigo - J9228 - #J16
794,Hua Fang #J9228,Custom Color - Iron - J9228 - #J20
795,Hua Fang #J9228,Custom Color - Island Reef - J9228 - #J19
796,Hua Fang #J9228,Custom Color - Ivy - J9228 - #J59
797,Hua Fang #J9228,Custom Color - Jade - J9228 - #J52
798,Hua Fang #J9228,Custom Color - Lagoon - J9228 - #J61
799,Hua Fang #J9228,Custom Color - Lapis - J9228 - #J53
800,Hua Fang #J9228,Custom Color - Lavender - J9228 - #J26
801,Hua Fang #J9228,Custom Color - Light Grey - J9228 - #J35
802,Hua Fang #J9228,Custom Color - Light Khaki - J9228 - #J18
803,Hua Fang #J9228,Custom Color - Lime - J9228 - #J11
804,Hua Fang #J9228,Custom Color - Linen - J9228 - #J73
805,Hua Fang #J9228,Custom Color - Mallow - J9228 - #J48
806,Hua Fang #J9228,Custom Color - Mango - J9228 - #J57
807,Hua Fang #J9228,Custom Color - Marigold - J9228 - #J56
808,Hua Fang #J9228,Custom Color - Midnight - J9228 - #J41
809,Hua Fang #J9228,Custom Color - Moss Green - J9228 - #J34
810,Hua Fang #J9228,Custom Color - Mustard - J9228 - #J52
811,Hua Fang #J9228,Custom Color - Neon Green - J9228 - #J11
812,Hua Fang #J9228,Custom Color - Obsidian - J9228 - #J67
813,Hua Fang #J9228,Custom Color - Olive Green - J9228 - #J25
814,Hua Fang #J9228,Custom Color - Onyx - J9228 - #J21
815,Hua Fang #J9228,Custom Color - Peach - J9228 - #J38
816,Hua Fang #J9228,Custom Color - Peony - J9228 - #J30
817,Hua Fang #J9228,Custom Color - Petal - J9228 - #J27
818,Hua Fang #J9228,Custom Color - Poolside - J9228 - #J5
819,Hua Fang #J9228,Custom Color - Raisin - J9228 - #J70
820,Hua Fang #J9228,Custom Color - Royal Blue - J9228 - #J16
821,Hua Fang #J9228,Custom Color - Rust - J9228 - #J33
822,Hua Fang #J9228,Custom Color - Saddle - J9228 - #J68
823,Hua Fang #J9228,Custom Color - Salmon - J9228 - #J50
824,Hua Fang #J9228,Custom Color - Sand Dune - J9228 - #J63
825,Hua Fang #J9228,Custom Color - Seafoam - J9228 - #J43
826,Hua Fang #J9228,Custom Color - Sky Blue - J9228 - #J17
827,Hua Fang #J9228,Custom Color - Slate - J9228 - #J24
828,Hua Fang #J9228,Custom Color - Soft Pink - J9228 - #J26
829,Hua Fang #J9228,Custom Color - Soot - J9228 - #J46
830,Hua Fang #J9228,Custom Color - Storm - J9228 - #J40
831,Hua Fang #J9228,Custom Color - Teal Blue - J9228 - #J43
832,Hua Fang #J9228,Custom Color - Toffee - J9228 - #J37
833,Hua Fang #J9228,Custom Color - Trail - J9228 - #J77
834,Hua Fang #J9228,Custom Color - Umber - J9228 - #J25
835,Hua Fang #J9228,Custom Color - Vanilla - J9228 - #J32
836,Hua Fang #J9228,Custom Color - Violet - J9228 - #J71
837,Hua Fang #J9228,Custom Color - Wheat - J9228 - #J76
838,Hua Fang #J9228,Custom Color - Wisteria - J9228 - #J6
839,Hua Fang #J9228,Inventory Color - Black - J9228 - #J28
840,Hua Fang #J9228,Inventory Color - Butter - J9228 - #J2
841,Hua Fang #J9228,Inventory Color - Light Blue - J9228 - #J17
842,Hua Fang #J9228,Inventory Color - Lilac - J9228- #J26
843,Hua Fang #J9228,Inventory Color - Navy - J9228 - #J45
844,Hua Fang #J9228,Inventory Color - White - J9228 - #J3
845,Hua Fang #J9228,MTO Color - Amber # - J15
846,Hua Fang #J9228,MTO Color - Apricot # - J13
847,Hua Fang #J9228,MTO Color - Aqua # - J49
848,Hua Fang #J9228,MTO Color - Bayou # - J60
849,Hua Fang #J9228,MTO Color - Black - Hua Fang #J9228 - Black #J28
850,Hua Fang #J9228,MTO Color - Black - J9228 - #J28
851,Hua Fang #J9228,MTO Color - Blossom # - J1
852,Hua Fang #J9228,MTO Color - Boysenberry # - J62
853,Hua Fang #J9228,MTO Color - Brownie # - J66
854,Hua Fang #J9228,MTO Color - Butter - Hua Fang #J9228 - Butter #J2
855,Hua Fang #J9228,MTO Color - Butter - J9228 - #J2
856,Hua Fang #J9228,MTO Color - Butterscotch # - J23
857,Hua Fang #J9228,MTO Color - Charcoal # - J74
858,Hua Fang #J9228,MTO Color - Cinnamon # - J12
859,Hua Fang #J9228,MTO Color - Clover Leaf # - J29
860,Hua Fang #J9228,MTO Color - Cocoa # - J55
861,Hua Fang #J9228,MTO Color - Coral # - J9
862,Hua Fang #J9228,MTO Color - Crimson # - J44
863,Hua Fang #J9228,MTO Color - Deep Bay # - J10
864,Hua Fang #J9228,MTO Color - Dusk # - J42
865,Hua Fang #J9228,MTO Color - Fawn # - J75
866,Hua Fang #J9228,MTO Color - Fern # - J65
867,Hua Fang #J9228,MTO Color - Flamingo # - J58
868,Hua Fang #J9228,MTO Color - Fossil # - J72
869,Hua Fang #J9228,MTO Color - Garnet # - J54
870,Hua Fang #J9228,MTO Color - Honey # - J64
871,Hua Fang #J9228,MTO Color - Honeydew # - J8
872,Hua Fang #J9228,MTO Color - Hot Pink - J9228 - #J31
873,Hua Fang #J9228,MTO Color - Indigo # - J16
874,Hua Fang #J9228,MTO Color - Iron # - J20
875,Hua Fang #J9228,MTO Color - Island Reef # - J19
876,Hua Fang #J9228,MTO Color - Ivy # - J59
877,Hua Fang #J9228,MTO Color - Jade # - J52
878,Hua Fang #J9228,MTO Color - Lagoon # - J61
879,Hua Fang #J9228,MTO Color - Lapis # - J53
880,Hua Fang #J9228,MTO Color - Light Blue - Hua Fang #J9228 - Light Blue #J17
881,Hua Fang #J9228,MTO Color - Light Blue - J9228 - #J17
882,Hua Fang #J9228,MTO Color - Lilac - J9228- #J26
883,Hua Fang #J9228,MTO Color - Lime # - J11
884,Hua Fang #J9228,MTO Color - Linen # - J73
885,Hua Fang #J9228,MTO Color - Mallow # - J48
886,Hua Fang #J9228,MTO Color - Mango # - J57
887,Hua Fang #J9228,MTO Color - Marigold # - J56
888,Hua Fang #J9228,MTO Color - Midnight # - J41
889,Hua Fang #J9228,MTO Color - Navy - Hua Fang #J9228 - Navy #J45
890,Hua Fang #J9228,MTO Color - Navy - J9228 - #J45
891,Hua Fang #J9228,MTO Color - Obsidian # - J67
892,Hua Fang #J9228,MTO Color - Onyx # - J21
893,Hua Fang #J9228,MTO Color - Pastel Blue - J9228 - #J69
894,Hua Fang #J9228,MTO Color - Peach # - J38
895,Hua Fang #J9228,MTO Color - Peony # - J30
896,Hua Fang #J9228,MTO Color - Petal # - J27
897,Hua Fang #J9228,MTO Color - Poolside # - J5
898,Hua Fang #J9228,MTO Color - Raisin # - J70
899,Hua Fang #J9228,MTO Color - Rust # - J33
900,Hua Fang #J9228,MTO Color - Saddle # - J68
901,Hua Fang #J9228,MTO Color - Sage Green - J9228 - #J39
902,Hua Fang #J9228,MTO Color - Salmon # - J50
903,Hua Fang #J9228,MTO Color - Sand Dune # - J63
904,Hua Fang #J9228,MTO Color - Seafoam # - J43
905,Hua Fang #J9228,MTO Color - Slate # - J24
906,Hua Fang #J9228,MTO Color - Soot # - J46
907,Hua Fang #J9228,MTO Color - Storm # - J40
908,Hua Fang #J9228,MTO Color - Toffee # - J37
909,Hua Fang #J9228,MTO Color - Trail # - J77
910,Hua Fang #J9228,MTO Color - Umber # - J25
911,Hua Fang #J9228,MTO Color - Vanilla # - J32
912,Hua Fang #J9228,MTO Color - Violet # - J71
913,Hua Fang #J9228,MTO Color - Wheat # - J76
914,Hua Fang #J9228,MTO Color - White - Hua Fang #J9228 - White #J3
915,Hua Fang #J9228,MTO Color - White - J9228 - #J3
916,Hua Fang #J9228,MTO Color - Wisteria # - J6
917,Huayilong #17,Inventory Color - Dark Chocolate - Huayilong #17 - #34
918,Huayilong #17,MTO - Dark Chocolate - Huayilong #17 - #34
919,Huayilong #17,MTO Color - Dark Chocolate - Huayilong #17 - #34
920,Huayilong #17,MTO Color - Dark Chocolate - Huayilong #17 - Dark Chocolate #34
921,Ju Feng #B1750,Inventory Color - Teal - #08
922,Ju Feng #B1750,MTO Color - Blush - #28
923,Ju Feng #B1750,MTO Color - Brick - #10
924,Ju Feng #B1750,MTO Color - Charcoal - #18
925,Ju Feng #B1750,MTO Color - Espresso -#12
926,Ju Feng #B1750,MTO Color - Sky - #30
927,Ju Feng #B1750,MTO Color - Teal - #08
928,Jufeng #B1722,MTO Color - Baby Pink # & White #2
929,Jufeng #B1722,MTO Color - Baby Pink #146 & White #2
930,Jufeng #B1722,MTO Color - Baby Pink- # JF-146
931,Jufeng #B1722,MTO Color - Canary - #JF-147
932,Jufeng #B1722,MTO Color - Ice Blue - #JF-042
933,Jufeng #B1722,MTO Color - Mauve - #JF-015
934,Melton Wool - 360 GSM,Custom Color - Aqua Blue - #24
935,Melton Wool - 360 GSM,Custom Color - Black Marble Print - #50
936,Melton Wool - 360 GSM,Custom Color - Black and White Abstract Print - #41
937,Melton Wool - 360 GSM,Custom Color - Blue Gradient Print - #43
938,Melton Wool - 360 GSM,Custom Color - Blush Pink - #21
939,Melton Wool - 360 GSM,Custom Color - Bright Orange - #1
940,Melton Wool - 360 GSM,Custom Color - Bright Red - #31
941,Melton Wool - 360 GSM,Custom Color - Camouflage Green Print - #44
942,Melton Wool - 360 GSM,Custom Color - Charcoal Heather (Melange) - #38
943,Melton Wool - 360 GSM,Custom Color - Crimson Red - #15
944,Melton Wool - 360 GSM,Custom Color - Dark Grey Texture Print - #42
945,Melton Wool - 360 GSM,Custom Color - Dark Olive Green - #8
946,Melton Wool - 360 GSM,Custom Color - Deep Navy Blue - #2
947,Melton Wool - 360 GSM,Custom Color - Dusty Pink - #49
948,Melton Wool - 360 GSM,Custom Color - Emerald Green - #28
949,Melton Wool - 360 GSM,Custom Color - Forest Green - #23
950,Melton Wool - 360 GSM,Custom Color - Golden Yellow - #14
951,Melton Wool - 360 GSM,Custom Color - Grass Green - #5
952,Melton Wool - 360 GSM,Custom Color - Hot Pink - #13
953,Melton Wool - 360 GSM,Custom Color - Ice Blue - #46
954,Melton Wool - 360 GSM,Custom Color - Jet Black - #30
955,Melton Wool - 360 GSM,Custom Color - Khaki - #20
956,Melton Wool - 360 GSM,Custom Color - Lavender - #32
957,Melton Wool - 360 GSM,Custom Color - Lemon Yellow - #11
958,Melton Wool - 360 GSM,Custom Color - Light Beige - #48
959,Melton Wool - 360 GSM,Custom Color - Light Grey - #16
960,Melton Wool - 360 GSM,Custom Color - Lime Green - #22
961,Melton Wool - 360 GSM,Custom Color - Medium Grey - #36
962,Melton Wool - 360 GSM,Custom Color - Moss Green - #25
963,Melton Wool - 360 GSM,Custom Color - Mustard Brown - #35
964,Melton Wool - 360 GSM,Custom Color - Neon Green - #47
965,Melton Wool - 360 GSM,Custom Color - Neon Yellow - #33
966,Melton Wool - 360 GSM,Custom Color - Neon Yellow - #9
967,Melton Wool - 360 GSM,Custom Color - Olive Drab - #18
968,Melton Wool - 360 GSM,Custom Color - Pale Yellow - #17
969,Melton Wool - 360 GSM,Custom Color - Peach - #6
970,Melton Wool - 360 GSM,Custom Color - Pink Abstract Print - #45
971,Melton Wool - 360 GSM,Custom Color - Powder Blue - #39
972,Melton Wool - 360 GSM,Custom Color - Pure White - #37
973,Melton Wool - 360 GSM,Custom Color - Royal Blue - #34
974,Melton Wool - 360 GSM,Custom Color - Royal Purple - #27
975,Melton Wool - 360 GSM,Custom Color - Saddle Brown - #12
976,Melton Wool - 360 GSM,Custom Color - Sand Beige - #4
977,Melton Wool - 360 GSM,Custom Color - Silver Grey - #29
978,Melton Wool - 360 GSM,Custom Color - Sky Blue - #19
979,Melton Wool - 360 GSM,Custom Color - Slate Grey - #40
980,Melton Wool - 360 GSM,Custom Color - Steel Blue - #3
981,Melton Wool - 360 GSM,Custom Color - Teal Blue - #26
982,Melton Wool - 360 GSM,Custom Color - True Red - #7
983,Melton Wool - 360 GSM,Custom Color - Vivid Orange - #10
984,Neng Tai Textile V151#,MTO Color - Navy Gingham #6
985,Neng Tai Textile V151#,MTO Color - Red Gingham #1
986,Neng Tai Textile V2228,MTO Color - Blue Stripes #15
987,Neng Tai Textile V2228,MTO Color - Cherry Stripes #26
988,TX086 XYD DTG 420G,Custom Pattern (PFA pdf)
989,Taisum #0472 260G,Black over White
990,Taisum #0472 260G,Custom Color - Navy - #95
991,Taisum #0472 260G,Custom Colors - #104 Black
992,Taisum #0472 260G,Custom Colors - #128
993,Taisum #0472 260G,Custom Colors - #129
994,Taisum #0472 260G,Custom Colors - #139
995,Taisum #0472 260G,Custom Colors - #44 White
996,Taisum #0472 260G,Custom Colors - #51 Cream
997,Taisum #0472 260G,Custom Colors - Blues - #102
998,Taisum #0472 260G,Custom Colors - Blues - #111
999,Taisum #0472 260G,Custom Colors - Blues - #112
1000,Taisum #0472 260G,Custom Colors - Blues - #114
1001,Taisum #0472 260G,Custom Colors - Blues - #115
1002,Taisum #0472 260G,Custom Colors - Blues - #120 Light Blue
1003,Taisum #0472 260G,Custom Colors - Blues - #126 Royal Blue
1004,Taisum #0472 260G,Custom Colors - Blues - #13
1005,Taisum #0472 260G,Custom Colors - Blues - #131
1006,Taisum #0472 260G,Custom Colors - Blues - #140 True Blue
1007,Taisum #0472 260G,Custom Colors - Blues - #145
1008,Taisum #0472 260G,Custom Colors - Blues - #160 Baby Blue
1009,Taisum #0472 260G,Custom Colors - Blues - #17
1010,Taisum #0472 260G,Custom Colors - Blues - #174
1011,Taisum #0472 260G,Custom Colors - Blues - #175
1012,Taisum #0472 260G,Custom Colors - Blues - #22
1013,Taisum #0472 260G,Custom Colors - Blues - #29
1014,Taisum #0472 260G,Custom Colors - Blues - #36
1015,Taisum #0472 260G,Custom Colors - Blues - #38
1016,Taisum #0472 260G,Custom Colors - Blues - #40
1017,Taisum #0472 260G,Custom Colors - Blues - #43
1018,Taisum #0472 260G,Custom Colors - Blues - #45
1019,Taisum #0472 260G,Custom Colors - Blues - #56
1020,Taisum #0472 260G,Custom Colors - Blues - #6
1021,Taisum #0472 260G,Custom Colors - Blues - #67
1022,Taisum #0472 260G,Custom Colors - Blues - #8
1023,Taisum #0472 260G,Custom Colors - Blues - #84
1024,Taisum #0472 260G,Custom Colors - Blues - #92
1025,Taisum #0472 260G,Custom Colors - Blues - #97
1026,Taisum #0472 260G,Custom Colors - Blues - #99
1027,Taisum #0472 260G,Custom Colors - Browns - #117
1028,Taisum #0472 260G,Custom Colors - Browns - #133
1029,Taisum #0472 260G,Custom Colors - Browns - #136
1030,Taisum #0472 260G,Custom Colors - Browns - #146 Brown
1031,Taisum #0472 260G,Custom Colors - Browns - #149 Oat
1032,Taisum #0472 260G,Custom Colors - Browns - #152
1033,Taisum #0472 260G,Custom Colors - Browns - #156
1034,Taisum #0472 260G,Custom Colors - Browns - #167
1035,Taisum #0472 260G,Custom Colors - Browns - #172
1036,Taisum #0472 260G,Custom Colors - Browns - #180
1037,Taisum #0472 260G,Custom Colors - Browns - #181
1038,Taisum #0472 260G,Custom Colors - Browns - #182
1039,Taisum #0472 260G,Custom Colors - Browns - #24
1040,Taisum #0472 260G,Custom Colors - Browns - #79
1041,Taisum #0472 260G,Custom Colors - Browns - #86
1042,Taisum #0472 260G,Custom Colors - Browns - #88
1043,Taisum #0472 260G,Custom Colors - Grays - #127
1044,Taisum #0472 260G,Custom Colors - Grays - #132
1045,Taisum #0472 260G,Custom Colors - Grays - #141
1046,Taisum #0472 260G,Custom Colors - Grays - #147
1047,Taisum #0472 260G,Custom Colors - Grays - #148
1048,Taisum #0472 260G,Custom Colors - Grays - #150
1049,Taisum #0472 260G,Custom Colors - Grays - #153
1050,Taisum #0472 260G,Custom Colors - Greens - #10
1051,Taisum #0472 260G,Custom Colors - Greens - #106
1052,Taisum #0472 260G,Custom Colors - Greens - #107
1053,Taisum #0472 260G,Custom Colors - Greens - #110
1054,Taisum #0472 260G,Custom Colors - Greens - #12
1055,Taisum #0472 260G,Custom Colors - Greens - #121
1056,Taisum #0472 260G,Custom Colors - Greens - #123
1057,Taisum #0472 260G,Custom Colors - Greens - #130
1058,Taisum #0472 260G,Custom Colors - Greens - #14
1059,Taisum #0472 260G,Custom Colors - Greens - #143
1060,Taisum #0472 260G,Custom Colors - Greens - #151
1061,Taisum #0472 260G,Custom Colors - Greens - #176
1062,Taisum #0472 260G,Custom Colors - Greens - #185
1063,Taisum #0472 260G,Custom Colors - Greens - #19
1064,Taisum #0472 260G,Custom Colors - Greens - #20
1065,Taisum #0472 260G,Custom Colors - Greens - #26
1066,Taisum #0472 260G,Custom Colors - Greens - #33
1067,Taisum #0472 260G,Custom Colors - Greens - #34
1068,Taisum #0472 260G,Custom Colors - Greens - #41
1069,Taisum #0472 260G,Custom Colors - Greens - #42 Forest Green
1070,Taisum #0472 260G,Custom Colors - Greens - #46
1071,Taisum #0472 260G,Custom Colors - Greens - #5
1072,Taisum #0472 260G,Custom Colors - Greens - #50
1073,Taisum #0472 260G,Custom Colors - Greens - #58
1074,Taisum #0472 260G,Custom Colors - Greens - #63
1075,Taisum #0472 260G,Custom Colors - Greens - #71
1076,Taisum #0472 260G,Custom Colors - Greens - #74
1077,Taisum #0472 260G,Custom Colors - Greens - #81
1078,Taisum #0472 260G,Custom Colors - Greens - #83
1079,Taisum #0472 260G,Custom Colors - Heathers - #162
1080,Taisum #0472 260G,Custom Colors - Heathers - #163
1081,Taisum #0472 260G,Custom Colors - Heathers - #164
1082,Taisum #0472 260G,Custom Colors - Heathers - #165
1083,Taisum #0472 260G,Custom Colors - Heathers - #166
1084,Taisum #0472 260G,Custom Colors - Heathers - #48
1085,Taisum #0472 260G,Custom Colors - Heathers - #52
1086,Taisum #0472 260G,Custom Colors - Heathers - #64
1087,Taisum #0472 260G,Custom Colors - Heathers - #68
1088,Taisum #0472 260G,Custom Colors - Heathers - #70 Ash Grey
1089,Taisum #0472 260G,Custom Colors - Heathers - #72
1090,Taisum #0472 260G,Custom Colors - Heathers - #77
1091,Taisum #0472 260G,Custom Colors - Heathers - #90
1092,Taisum #0472 260G,Custom Colors - Oranges - #105
1093,Taisum #0472 260G,Custom Colors - Oranges - #16
1094,Taisum #0472 260G,Custom Colors - Oranges - #161
1095,Taisum #0472 260G,Custom Colors - Oranges - #173
1096,Taisum #0472 260G,Custom Colors - Oranges - #21
1097,Taisum #0472 260G,Custom Colors - Oranges - #31
1098,Taisum #0472 260G,Custom Colors - Oranges - #35
1099,Taisum #0472 260G,Custom Colors - Oranges - #39
1100,Taisum #0472 260G,Custom Colors - Oranges - #47
1101,Taisum #0472 260G,Custom Colors - Oranges - #60
1102,Taisum #0472 260G,Custom Colors - Oranges - #7
1103,Taisum #0472 260G,Custom Colors - Oranges - #9
1104,Taisum #0472 260G,Custom Colors - Pinks - #108
1105,Taisum #0472 260G,Custom Colors - Pinks - #11
1106,Taisum #0472 260G,Custom Colors - Pinks - #122
1107,Taisum #0472 260G,Custom Colors - Pinks - #142
1108,Taisum #0472 260G,Custom Colors - Pinks - #159
1109,Taisum #0472 260G,Custom Colors - Pinks - #170 Light Pink
1110,Taisum #0472 260G,Custom Colors - Pinks - #178
1111,Taisum #0472 260G,Custom Colors - Pinks - #23
1112,Taisum #0472 260G,Custom Colors - Pinks - #53
1113,Taisum #0472 260G,Custom Colors - Pinks - #55
1114,Taisum #0472 260G,Custom Colors - Pinks - #62
1115,Taisum #0472 260G,Custom Colors - Pinks - #76
1116,Taisum #0472 260G,Custom Colors - Pinks - #78
1117,Taisum #0472 260G,Custom Colors - Pinks - #80
1118,Taisum #0472 260G,Custom Colors - Pinks - #82
1119,Taisum #0472 260G,Custom Colors - Pinks - #85
1120,Taisum #0472 260G,Custom Colors - Pinks - #91
1121,Taisum #0472 260G,Custom Colors - Pinks - #93
1122,Taisum #0472 260G,Custom Colors - Pinks - #98
1123,Taisum #0472 260G,Custom Colors - Reds - #103 Crimson
1124,Taisum #0472 260G,Custom Colors - Reds - #138
1125,Taisum #0472 260G,Custom Colors - Reds - #18
1126,Taisum #0472 260G,Custom Colors - Reds - #27 Burgundy
1127,Taisum #0472 260G,Custom Colors - Reds - #3
1128,Taisum #0472 260G,Custom Colors - Reds - #87
1129,Taisum #0472 260G,Custom Colors - Reds - #89
1130,Taisum #0472 260G,Custom Colors - Reds - #94
1131,Taisum #0472 260G,Custom Colors - Violets - #101
1132,Taisum #0472 260G,Custom Colors - Violets - #109
1133,Taisum #0472 260G,Custom Colors - Violets - #119
1134,Taisum #0472 260G,Custom Colors - Violets - #124
1135,Taisum #0472 260G,Custom Colors - Violets - #135
1136,Taisum #0472 260G,Custom Colors - Violets - #144
1137,Taisum #0472 260G,Custom Colors - Violets - #154
1138,Taisum #0472 260G,Custom Colors - Violets - #155
1139,Taisum #0472 260G,Custom Colors - Violets - #158
1140,Taisum #0472 260G,Custom Colors - Violets - #171
1141,Taisum #0472 260G,Custom Colors - Violets - #179
1142,Taisum #0472 260G,Custom Colors - Violets - #183
1143,Taisum #0472 260G,Custom Colors - Violets - #184
1144,Taisum #0472 260G,Custom Colors - Violets - #186
1145,Taisum #0472 260G,Custom Colors - Violets - #25
1146,Taisum #0472 260G,Custom Colors - Violets - #32
1147,Taisum #0472 260G,Custom Colors - Violets - #73
1148,Taisum #0472 260G,Custom Colors - Violets - #96
1149,Taisum #0472 260G,Custom Colors - Yellows - #100
1150,Taisum #0472 260G,Custom Colors - Yellows - #113
1151,Taisum #0472 260G,Custom Colors - Yellows - #148
1152,Taisum #0472 260G,Custom Colors - Yellows - #157
1153,Taisum #0472 260G,Custom Colors - Yellows - #169
1154,Taisum #0472 260G,Custom Colors - Yellows - #57
1155,Taisum #0472 260G,Custom Colors - Yellows - #61
1156,Taisum #0472 260G,Custom Colors - Yellows - #69
1157,Taisum #0472 260G,Custom Pattern
1158,Taisum #0472 260G,Inventory Color - Black White - #104 #44
1159,Taisum #0472 260G,Inventory Color - Black White - #44 #104
1160,Taisum #0472 260G,Inventory Color - Navy - #95
1161,Taisum #0472 260G,Inventory Color - True Blue - #140
1162,Taisum #0472 260G,Inventory Color - White - #44
1163,Taisum #0472 260G,Inventory Color - White - #44; Green- #10
1164,Taisum #0472 260G,Inventory Color - White - #44; Pink #108
1165,Taisum #0472 260G,Inventory Color - White - #44; True Blue - #140
1166,Taisum #0472 260G,Inventory Color - White - #44; Violets - #124
1167,Taisum #0472 260G,Inventory Color - White - #44; Yellow - #188
1168,Taisum #0472 260G,Inventory color - White - #44; Navy - #95
1169,Taisum #0472 260G,MTO Color - Acorn Brown - #41
1170,Taisum #0472 260G,MTO Color - Adobe Clay - #79
1171,Taisum #0472 260G,MTO Color - Amber Gold - #113
1172,Taisum #0472 260G,MTO Color - Apple - #10
1173,Taisum #0472 260G,MTO Color - Army - #34
1174,Taisum #0472 260G,MTO Color - Ash Grey - #59
1175,Taisum #0472 260G,MTO Color - Ash Grey - #70
1176,Taisum #0472 260G,MTO Color - Asphalt - #15
1177,Taisum #0472 260G,MTO Color - Baby Blue - #160
1178,Taisum #0472 260G,MTO Color - Baby Pink - #55
1179,Taisum #0472 260G,MTO Color - Baked Clay - #9
1180,Taisum #0472 260G,MTO Color - Baltic - #6
1181,Taisum #0472 260G,MTO Color - Bark Brown - #50
1182,Taisum #0472 260G,MTO Color - Bark Taupe - #86
1183,Taisum #0472 260G,MTO Color - Basil - #106
1184,Taisum #0472 260G,MTO Color - Black #1
1185,Taisum #0472 260G,MTO Color - Black #1 & White #44
1186,Taisum #0472 260G,MTO Color - Black #104 with White #44 Trim
1187,Taisum #0472 260G,MTO Color - Black - #104
1188,Taisum #0472 260G,MTO Color - Black White - #104 #44
1189,Taisum #0472 260G,MTO Color - Black White - #44 #104
1190,Taisum #0472 260G,MTO Color - Blackcurrant - #135
1191,Taisum #0472 260G,MTO Color - Blaze - #173
1192,Taisum #0472 260G,MTO Color - Bluebird - #195
1193,Taisum #0472 260G,MTO Color - Bluestone - #114
1194,Taisum #0472 260G,MTO Color - Blush Mauve - #93
1195,Taisum #0472 260G,MTO Color - Blush Peach - #98
1196,Taisum #0472 260G,MTO Color - Blush Pink - #159
1197,Taisum #0472 260G,MTO Color - Blush Pink - #159 with White #44 Trim
1198,Taisum #0472 260G,MTO Color - Blush Pink - #55
1199,Taisum #0472 260G,MTO Color - Bramble - #184
1200,Taisum #0472 260G,MTO Color - Brick Red - #172
1201,Taisum #0472 260G,MTO Color - Bronze - #33
1202,Taisum #0472 260G,MTO Color - Brown #146 & Light Pink #170
1203,Taisum #0472 260G,MTO Color - Burgundy #180 & Light Pink #170
1204,Taisum #0472 260G,MTO Color - Burgundy #180 & White #44
1205,Taisum #0472 260G,MTO Color - Burgundy - #180
1206,Taisum #0472 260G,MTO Color - Burnt Sienna - #117
1207,Taisum #0472 260G,MTO Color - Butter Yellow - N/A
1208,Taisum #0472 260G,MTO Color - Butter yellow - #51
1209,Taisum #0472 260G,MTO Color - Buttermilk #128
1210,Taisum #0472 260G,MTO Color - Buttermilk #128 & Brown #146
1211,Taisum #0472 260G,MTO Color - Caramel Brown - #136
1212,Taisum #0472 260G,MTO Color - Caribbean - #56
1213,Taisum #0472 260G,MTO Color - Carolina - #131
1214,Taisum #0472 260G,MTO Color - Cast Iron - #153
1215,Taisum #0472 260G,MTO Color - Chalk - #37
1216,Taisum #0472 260G,MTO Color - Cherry Blossom - #82
1217,Taisum #0472 260G,MTO Color - Chili - #182
1218,Taisum #0472 260G,MTO Color - Cinnamon Stick - #181
1219,Taisum #0472 260G,MTO Color - Cocoa Dust - #152
1220,Taisum #0472 260G,MTO Color - Copper Leaf - #88
1221,Taisum #0472 260G,MTO Color - Coral Sand - #85
1222,Taisum #0472 260G,MTO Color - Cranberry Red - #87
1223,Taisum #0472 260G,MTO Color - Cream White - #139
1224,Taisum #0472 260G,MTO Color - Crimson - #103
1225,Taisum #0472 260G,MTO Color - Crunchberry - #11
1226,Taisum #0472 260G,MTO Color - Dandelion - #61
1227,Taisum #0472 260G,MTO Color - Dark Carbon - #116
1228,Taisum #0472 260G,MTO Color - Dark Chocolate Cream
1229,Taisum #0472 260G,MTO Color - Dark Chocolate Cream - #146 / Cream Polka Dots
1230,Taisum #0472 260G,MTO Color - Dark Dusk - #8
1231,Taisum #0472 260G,MTO Color - Dark Fig - #183
1232,Taisum #0472 260G,MTO Color - Dark Raisin - #32
1233,Taisum #0472 260G,MTO Color - Dark Storm - #102
1234,Taisum #0472 260G,MTO Color - Deep Aqua - #174
1235,Taisum #0472 260G,MTO Color - Deep Dusk - #145
1236,Taisum #0472 260G,MTO Color - Deep Forest - #177
1237,Taisum #0472 260G,MTO Color - Deep Forest - #177 with White #44 Trims
1238,Taisum #0472 260G,MTO Color - Delphinium - #109
1239,Taisum #0472 260G,MTO Color - Dijon - #74
1240,Taisum #0472 260G,MTO Color - Dove Grey - #132
1241,Taisum #0472 260G,MTO Color - Dried Orchid - #155
1242,Taisum #0472 260G,MTO Color - Dried Sage - #143
1243,Taisum #0472 260G,MTO Color - Dulce - #189
1244,Taisum #0472 260G,MTO Color - Dune Stone - #133
1245,Taisum #0472 260G,MTO Color - Earth - #147
1246,Taisum #0472 260G,MTO Color - Emerald Green - #12
1247,Taisum #0472 260G,MTO Color - Field - #176
1248,Taisum #0472 260G,MTO Color - Forest Green - #19
1249,Taisum #0472 260G,MTO Color - Gold - #169
1250,Taisum #0472 260G,MTO Color - Harbor Blue - #29
1251,Taisum #0472 260G,MTO Color - Harvest Peach - #148
1252,Taisum #0472 260G,MTO Color - Heather Grey - #168
1253,Taisum #0472 260G,MTO Color - Heirloom - #101
1254,Taisum #0472 260G,MTO Color - Highlighter - #26
1255,Taisum #0472 260G,MTO Color - Holly Berry - #89
1256,Taisum #0472 260G,MTO Color - Honey Jar - #69
1257,Taisum #0472 260G,MTO Color - Honeydew Mist - #63
1258,Taisum #0472 260G,MTO Color - Hunter Green - #30
1259,Taisum #0472 260G,MTO Color - Ice Grey - #193
1260,Taisum #0472 260G,MTO Color - Indigo Plum - #186
1261,Taisum #0472 260G,MTO Color - Ivy Green - #46
1262,Taisum #0472 260G,MTO Color - Juniper Green - #151
1263,Taisum #0472 260G,MTO Color - Ladybug - #138
1264,Taisum #0472 260G,MTO Color - Lagoon Mist - #58
1265,Taisum #0472 260G,MTO Color - Laguna - #115
1266,Taisum #0472 260G,MTO Color - Lake - #40
1267,Taisum #0472 260G,MTO Color - Lavender Mist - #158
1268,Taisum #0472 260G,MTO Color - Lemon Drop - #190
1269,Taisum #0472 260G,MTO Color - Light Blue - #120
1270,Taisum #0472 260G,MTO Color - Light Pink #170 & Brown #146
1271,Taisum #0472 260G,MTO Color - Light Pink #170 with White #44
1272,Taisum #0472 260G,MTO Color - Light Pink - #170
1273,Taisum #0472 260G,MTO Color - Lilac Grey - #73
1274,Taisum #0472 260G,MTO Color - Lime Sorbet - #121
1275,Taisum #0472 260G,MTO Color - Loam - #20
1276,Taisum #0472 260G,MTO Color - Macadamia - #129
1277,Taisum #0472 260G,MTO Color - Mahogany Dark - #49
1278,Taisum #0472 260G,MTO Color - Maize - #188
1279,Taisum #0472 260G,MTO Color - Marigold Orange - #16
1280,Taisum #0472 260G,MTO Color - Nautical - #134
1281,Taisum #0472 260G,MTO Color - Navy - #95 with White #44 Trim
1282,Taisum #0472 260G,MTO Color - Oat - #149
1283,Taisum #0472 260G,MTO Color - Ocean - #175
1284,Taisum #0472 260G,MTO Color - Olive Drab - #14
1285,Taisum #0472 260G,MTO Color - Orange #21 with Brown #117
1286,Taisum #0472 260G,MTO Color - Orchid Mist - #144
1287,Taisum #0472 260G,MTO Color - Oyster Shell - #141
1288,Taisum #0472 260G,MTO Color - Peach Bud - #65
1289,Taisum #0472 260G,MTO Color - Pecan Brown - #24
1290,Taisum #0472 260G,MTO Color - Peony Pink - #62
1291,Taisum #0472 260G,MTO Color - Persimmon - #39
1292,Taisum #0472 260G,MTO Color - Petal Pink - #163
1293,Taisum #0472 260G,MTO Color - Pewter Fog - #127
1294,Taisum #0472 260G,MTO Color - Phantom - #13
1295,Taisum #0472 260G,MTO Color - Pink Lemonade - #137
1296,Taisum #0472 260G,MTO Color - Pink Pearl - #179
1297,Taisum #0472 260G,MTO Color - Pink Sand - #91
1298,Taisum #0472 260G,MTO Color - Pistachio Cream - #191
1299,Taisum #0472 260G,MTO Color - Plum Jam - #25
1300,Taisum #0472 260G,MTO Color - Polar - #2
1301,Taisum #0472 260G,MTO Color - Pool - #67
1302,Taisum #0472 260G,MTO Color - Primrose - #119
1303,Taisum #0472 260G,MTO Color - Pumpkin - #21
1304,Taisum #0472 260G,MTO Color - Punch - #53
1305,Taisum #0472 260G,MTO Color - Purple Haze - #171
1306,Taisum #0472 260G,MTO Color - Quarry - #99
1307,Taisum #0472 260G,MTO Color - Radish - #3
1308,Taisum #0472 260G,MTO Color - Rally Red - #31
1309,Taisum #0472 260G,MTO Color - Regatta - #126
1310,Taisum #0472 260G,MTO Color - Rose Petal - #76
1311,Taisum #0472 260G,MTO Color - Rosehip - #96
1312,Taisum #0472 260G,MTO Color - Russet - #156
1313,Taisum #0472 260G,MTO Color - Sage Green - #106
1314,Taisum #0472 260G,MTO Color - Sage Olive - #110
1315,Taisum #0472 260G,MTO Color - Salmon Rose - #80
1316,Taisum #0472 260G,MTO Color - Sandbar - #167
1317,Taisum #0472 260G,MTO Color - Sea Breeze - #81
1318,Taisum #0472 260G,MTO Color - Seaglass Blue - #111
1319,Taisum #0472 260G,MTO Color - Seashell - #142
1320,Taisum #0472 260G,MTO Color - Sherbet - #161
1321,Taisum #0472 260G,MTO Color - Slate Navy - #36
1322,Taisum #0472 260G,MTO Color - Stonewall - #187
1323,Taisum #0472 260G,MTO Color - Strawberry Milk - #178
1324,Taisum #0472 260G,MTO Color - Sunshine - #107
1325,Taisum #0472 260G,MTO Color - Surf - #92
1326,Taisum #0472 260G,MTO Color - Tang - #7
1327,Taisum #0472 260G,MTO Color - Teal - #112
1328,Taisum #0472 260G,MTO Color - Thistle Grey - #154
1329,Taisum #0472 260G,MTO Color - Trail Dust - #150
1330,Taisum #0472 260G,MTO Color - True Blue - #140
1331,Taisum #0472 260G,MTO Color - Tulip - #108
1332,Taisum #0472 260G,MTO Color - Verdigris - #84
1333,Taisum #0472 260G,MTO Color - Vermilion - #35
1334,Taisum #0472 260G,MTO Color - Warm Rose - #78
1335,Taisum #0472 260G,MTO Color - Wasabi - #185
1336,Taisum #0472 260G,MTO Color - Wheat Gold - #130
1337,Taisum #0472 260G,MTO Color - Whip - #157
1338,Taisum #0472 260G,MTO Color - White #44 & Black #1
1339,Taisum #0472 260G,MTO Color - White #44 & Butter Yellow #51
1340,Taisum #0472 260G,MTO Color - White #44 with Custom Color Pink #76
1341,Taisum #0472 260G,MTO Color - White #44 with Green #19 trims
1342,Taisum #0472 260G,MTO Color - White - #44
1343,Taisum #0472 260G,MTO Color - White - #44 - Green #19
1344,Taisum #0472 260G,MTO Color - White - #44; Burgundy- #180
1345,Taisum #0472 260G,MTO Color - White - #44; Crimson - #103
1346,Taisum #0472 260G,MTO Color - White - #44; Light Blue - #120
1347,Taisum #0472 260G,MTO Color - White - #44; Navy - #95
1348,Taisum #0472 260G,MTO Color - Wisp - #194
1349,Taisum #0472 260G,MTO Color - Wisteria Ice - #124
1350,Taisum #0472 260G,MTO Color- Yellow
1351,Taisum #0472 260G,MTO color - Ash Grey - #70; White - #44
1352,Taisum #0472 260G,MTO color - Baby Blue - #160; White - #44
1353,Taisum #0472 260G,MTO color - Baby Pink - #55; White - #44
1354,Taisum #0472 260G,MTO color - Black - #104; White - #44
1355,Taisum #0472 260G,MTO color - Brown - #146
1356,Taisum #0472 260G,MTO color - Brown - #146; White - #44
1357,Taisum #0472 260G,MTO color - Butter Yellow - #51; White - #44
1358,Taisum #0472 260G,MTO color - Crimson - #103; True Blue - #140
1359,Taisum #0472 260G,MTO color - Crimson - #103; White - #44
1360,Taisum #0472 260G,MTO color - Light Blue - #120; Navy- #95
1361,Taisum #0472 260G,MTO color - Light Blue - #120; White - #44
1362,Taisum #0472 260G,MTO color - Light Pink - #170; White - #44
1363,Taisum #0472 260G,MTO color - Navy - #95; Crimson - #103
1364,Taisum #0472 260G,MTO color - Navy - #95; Light Blue - #120
1365,Taisum #0472 260G,MTO color - Navy - #95; White- #44
1366,Taisum #0472 260G,MTO color - Oat - #149; Brown - #146
1367,Taisum #0472 260G,MTO color - Oat - #149; White - #44
1368,Taisum #0472 260G,MTO color - True Blue - #140; Crimson - #103
1369,Taisum #0472 260G,MTO color - True Blue - #140; White - #44
1370,Taisum #0472 260G,MTO color - White - #44; Forest Green - #19
1371,Taisum #0472 260G,MTO color - White - #44; Light Pink - #170
1372,Taisum #0472 260G,White over black
1373,Taisum #0690,Custom Colors - Blue - #33
1374,Taisum #0690,Custom Colors - Blue - #57
1375,Taisum #0690,Custom Colors - Blue - #58
1376,Taisum #0690,Custom Colors - Blue - #62
1377,Taisum #0690,Custom Colors - Blue - #89
1378,Taisum #0690,Custom Colors - Gray - #20
1379,Taisum #0690,Custom Colors - Gray - #21
1380,Taisum #0690,Custom Colors - Gray - #24
1381,Taisum #0690,Custom Colors - Gray - #29
1382,Taisum #0690,Custom Colors - Gray - #66
1383,Taisum #0690,Custom Colors - Gray - #7
1384,Taisum #0690,Custom Colors - Gray - #85
1385,Taisum #0690,Custom Colors - Gray - #9
1386,Taisum #0690,Custom Colors - Gray - #91
1387,Taisum #0690,Custom Colors - Green - #23
1388,Taisum #0690,Custom Colors - Green - #25
1389,Taisum #0690,Custom Colors - Green - #35
1390,Taisum #0690,Custom Colors - Green - #44
1391,Taisum #0690,Custom Colors - Green - #46
1392,Taisum #0690,Custom Colors - Green - #5
1393,Taisum #0690,Custom Colors - Green - #51
1394,Taisum #0690,Custom Colors - Green - #53
1395,Taisum #0690,Custom Colors - Green - #55
1396,Taisum #0690,Custom Colors - Green - #60
1397,Taisum #0690,Custom Colors - Green - #77
1398,Taisum #0690,Custom Colors - Green - #87
1399,Taisum #0690,Custom Colors - Neutrals - #11
1400,Taisum #0690,Custom Colors - Neutrals - #13
1401,Taisum #0690,Custom Colors - Neutrals - #45
1402,Taisum #0690,Custom Colors - Neutrals - #64
1403,Taisum #0690,Custom Colors - Neutrals - #67
1404,Taisum #0690,Custom Colors - Neutrals - #73
1405,Taisum #0690,Custom Colors - Neutrals - #74
1406,Taisum #0690,Custom Colors - Neutrals - #75
1407,Taisum #0690,Custom Colors - Neutrals - #76
1408,Taisum #0690,Custom Colors - Neutrals - #78
1409,Taisum #0690,Custom Colors - Neutrals - #79
1410,Taisum #0690,Custom Colors - Neutrals - #93
1411,Taisum #0690,Custom Colors - Neutrals - #94
1412,Taisum #0690,Custom Colors - Neutrals - #95
1413,Taisum #0690,Custom Colors - Neutrals - #98
1414,Taisum #0690,Custom Colors - Orange - #17
1415,Taisum #0690,Custom Colors - Orange - #52
1416,Taisum #0690,Custom Colors - Orange - #59
1417,Taisum #0690,Custom Colors - Pink - #12
1418,Taisum #0690,Custom Colors - Pink - #14
1419,Taisum #0690,Custom Colors - Pink - #3
1420,Taisum #0690,Custom Colors - Pink - #32
1421,Taisum #0690,Custom Colors - Pink - #4
1422,Taisum #0690,Custom Colors - Pink - #61
1423,Taisum #0690,Custom Colors - Pink - #63
1424,Taisum #0690,Custom Colors - Pink - #72
1425,Taisum #0690,Custom Colors - Purple - #71
1426,Taisum #0690,Custom Colors - Purple - #86
1427,Taisum #0690,Custom Colors - Purple - #90
1428,Taisum #0690,Custom Colors - Red - #18
1429,Taisum #0690,Custom Colors - Red - #27
1430,Taisum #0690,Custom Colors - Red - #31
1431,Taisum #0690,Custom Colors - Red - #54
1432,Taisum #0690,Custom Colors - Red - #56
1433,Taisum #0690,Custom Colors - Yellow - #15
1434,Taisum #0690,Custom Colors - Yellow - #30
1435,Taisum #0690,Custom Colors - Yellow - #6
1436,Taisum #0690,Custom Colors - Yellow - #8
1437,Taisum #0690,Inventory Color - Black - #1
1438,Taisum #0690,Inventory Color - White - #2
1439,Taisum #0690,Inventory Color -Brown - #26
1440,Taisum #0690,MTO Color - - #18
1441,Taisum #0690,MTO Color - Adobe - #43
1442,Taisum #0690,MTO Color - Anchor - #62
1443,Taisum #0690,MTO Color - Anvil Grey - #16
1444,Taisum #0690,MTO Color - Baby Blue - #20
1445,Taisum #0690,MTO Color - Baby Blue - #20; White - #2
1446,Taisum #0690,MTO Color - Baby Pink - #28
1447,Taisum #0690,MTO Color - Baby Yellow - #59
1448,Taisum #0690,MTO Color - Barn Red - #31
1449,Taisum #0690,MTO Color - Begonia - #72
1450,Taisum #0690,MTO Color - Berry - #113
1451,Taisum #0690,MTO Color - Biscotti - #98
1452,Taisum #0690,MTO Color - Black Pepper - #47
1453,Taisum #0690,MTO Color - Blackout - #136
1454,Taisum #0690,MTO Color - Bluff - #123
1455,Taisum #0690,MTO Color - Bottle - #25
1456,Taisum #0690,MTO Color - Brick Dust - #118
1457,Taisum #0690,MTO Color - Burlap - #97
1458,Taisum #0690,MTO Color - Buttercup - #30
1459,Taisum #0690,MTO Color - Camel - #127
1460,Taisum #0690,MTO Color - Cameo - #105
1461,Taisum #0690,MTO Color - Camo - #131
1462,Taisum #0690,MTO Color - Carbon - #21
1463,Taisum #0690,MTO Color - Carriage - #88
1464,Taisum #0690,MTO Color - Caviar - #85
1465,Taisum #0690,MTO Color - Cayenne Brown - #79
1466,Taisum #0690,MTO Color - Celery - #106
1467,Taisum #0690,MTO Color - Cherry Red - #39
1468,Taisum #0690,MTO Color - Claret - #36
1469,Taisum #0690,MTO Color - Cloud Grey - #7
1470,Taisum #0690,MTO Color - Clover Green - #53
1471,Taisum #0690,MTO Color - Cord - #75
1472,Taisum #0690,MTO Color - Cordovan - #137
1473,Taisum #0690,MTO Color - Dark Cherry - #19
1474,Taisum #0690,MTO Color - Dark Plum - #115
1475,Taisum #0690,MTO Color - Dark Roast - #45
1476,Taisum #0690,MTO Color - Dark Slate - #9
1477,Taisum #0690,MTO Color - Dark Spruce - #81
1478,Taisum #0690,MTO Color - Dark Walnut - #100
1479,Taisum #0690,MTO Color - Deep Indigo - #102
1480,Taisum #0690,MTO Color - Deep Navy #102
1481,Taisum #0690,MTO Color - Deep Navy - #102; White - #2
1482,Taisum #0690,MTO Color - Deep Pine - #35
1483,Taisum #0690,MTO Color - Deep Sea - #84
1484,Taisum #0690,MTO Color - Dove - #90
1485,Taisum #0690,MTO Color - Dragonfruit - #3
1486,Taisum #0690,MTO Color - Dune Grey - #74
1487,Taisum #0690,MTO Color - Dune Tan - #128
1488,Taisum #0690,MTO Color - Eggplant - #116
1489,Taisum #0690,MTO Color - Eucalyptus - #130
1490,Taisum #0690,MTO Color - Fatigue - #69
1491,Taisum #0690,MTO Color - Fir - #120
1492,Taisum #0690,MTO Color - Fire - #41
1493,Taisum #0690,MTO Color - Flax Seed - #76
1494,Taisum #0690,MTO Color - Forest - #110
1495,Taisum #0690,MTO Color - Hay - #95
1496,Taisum #0690,MTO Color - Hemlock - #46
1497,Taisum #0690,MTO Color - Heron - #2
1498,Taisum #0690,MTO Color - Holly - #111
1499,Taisum #0690,MTO Color - Honey Butter - #17
1500,Taisum #0690,MTO Color - Ink Blue - #40
1501,Taisum #0690,MTO Color - Inkwell - #112
1502,Taisum #0690,MTO Color - Jet Black - #42
1503,Taisum #0690,MTO Color - Kelly - #55
1504,Taisum #0690,MTO Color - Latte - #50
1505,Taisum #0690,MTO Color - Lichen Grey - #24
1506,Taisum #0690,MTO Color - Limestone - #94
1507,Taisum #0690,MTO Color - Loden - #104
1508,Taisum #0690,MTO Color - Maple - #99
1509,Taisum #0690,MTO Color - Maroon #36
1510,Taisum #0690,MTO Color - Maroon - #133
1511,Taisum #0690,MTO Color - Mesquite - #96
1512,Taisum #0690,MTO Color - Midnight Black - #1
1513,Taisum #0690,MTO Color - Mint Leaf - #23
1514,Taisum #0690,MTO Color - Misty - #91
1515,Taisum #0690,MTO Color - Molasses - #107
1516,Taisum #0690,MTO Color - Morning - #122
1517,Taisum #0690,MTO Color - Moss Green - #109
1518,Taisum #0690,MTO Color - Natural - #64
1519,Taisum #0690,MTO Color - Navy - #37
1520,Taisum #0690,MTO Color - Nectarine - #52
1521,Taisum #0690,MTO Color - Nickel - #29
1522,Taisum #0690,MTO Color - Night - #37
1523,Taisum #0690,MTO Color - Oat - #126
1524,Taisum #0690,MTO Color - Oat Milk - #15
1525,Taisum #0690,MTO Color - Off White - #34
1526,Taisum #0690,MTO Color - Orchid Haze - #86
1527,Taisum #0690,MTO Color - Oxheart - #132
1528,Taisum #0690,MTO Color - Oyster - #92
1529,Taisum #0690,MTO Color - Paprika - #27
1530,Taisum #0690,MTO Color - Patina - #51
1531,Taisum #0690,MTO Color - Pear - #77
1532,Taisum #0690,MTO Color - Pebble Grey - #11
1533,Taisum #0690,MTO Color - Penny - #117
1534,Taisum #0690,MTO Color - Pickle - #60
1535,Taisum #0690,MTO Color - Pine Needle - #70
1536,Taisum #0690,MTO Color - Platinum - #89
1537,Taisum #0690,MTO Color - Porcelain - #66
1538,Taisum #0690,MTO Color - Port - #134
1539,Taisum #0690,MTO Color - Praline - #67
1540,Taisum #0690,MTO Color - Pumice - #93
1541,Taisum #0690,MTO Color - Raspberry - #32
1542,Taisum #0690,MTO Color - Redwood - #68
1543,Taisum #0690,MTO Color - Roast - #83
1544,Taisum #0690,MTO Color - Rose Quartz - #4
1545,Taisum #0690,MTO Color - Rosewater - #14
1546,Taisum #0690,MTO Color - Sable - #119
1547,Taisum #0690,MTO Color - Saffron - #6
1548,Taisum #0690,MTO Color - Sage Brush - #73
1549,Taisum #0690,MTO Color - Sandpiper - #129
1550,Taisum #0690,MTO Color - Sangria - #114
1551,Taisum #0690,MTO Color - Sea Foam - #49
1552,Taisum #0690,MTO Color - Sedona - #38
1553,Taisum #0690,MTO Color - Sesame - #121
1554,Taisum #0690,MTO Color - Shamrock Green - #44
1555,Taisum #0690,MTO Color - Shore - #10
1556,Taisum #0690,MTO Color - Shortcake - #125
1557,Taisum #0690,MTO Color - Silver Sage - #87
1558,Taisum #0690,MTO Color - Spa - #5
1559,Taisum #0690,MTO Color - Spice - #82
1560,Taisum #0690,MTO Color - Stream - #57
1561,Taisum #0690,MTO Color - Sweet Pea - #8
1562,Taisum #0690,MTO Color - Tar - #135
1563,Taisum #0690,MTO Color - Tar - #138
1564,Taisum #0690,MTO Color - Tea Rose - #63
1565,Taisum #0690,MTO Color - Thrift - #12
1566,Taisum #0690,MTO Color - Tide - #58
1567,Taisum #0690,MTO Color - Tomato - #56
1568,Taisum #0690,MTO Color - True Navy - #22
1569,Taisum #0690,MTO Color - Turmeric - #78
1570,Taisum #0690,MTO Color - Twig - #80
1571,Taisum #0690,MTO Color - Vineyard - #103
1572,Taisum #0690,MTO Color - Vintage Rose - #124
1573,Taisum #0690,MTO Color - Wisteria Fog - #71
1574,Taisum #0690,MTO Color - Wrought Iron - #101
1575,Taisum #0690,MTO color - Baby Pink - #28; White - #2
1576,Taisum #0690,MTO color - Black - #1; Black - #1
1577,Taisum #0690,MTO color - Black - #1; White - #2
1578,Taisum #0690,MTO color - Brown - #26
1579,Taisum #0690,MTO color - Brown - #26; White - #2
1580,Taisum #0690,MTO color - Green #109
1581,Taisum #0690,MTO color - Royal - #33
1582,Taisum #0690,MTO color - White - #2; White - #2
1583,Taisum #1033,Custom Colors - Beige - #51
1584,Taisum #1033,Custom Colors - Blues - #13
1585,Taisum #1033,Custom Colors - Blues - #19
1586,Taisum #1033,Custom Colors - Blues - #20
1587,Taisum #1033,Custom Colors - Blues - #31
1588,Taisum #1033,Custom Colors - Blues - #38
1589,Taisum #1033,Custom Colors - Blues - #54
1590,Taisum #1033,Custom Colors - Grays - #04
1591,Taisum #1033,Custom Colors - Grays - #07
1592,Taisum #1033,Custom Colors - Grays - #11
1593,Taisum #1033,Custom Colors - Grays - #23
1594,Taisum #1033,Custom Colors - Grays - #28
1595,Taisum #1033,Custom Colors - Grays - #39
1596,Taisum #1033,Custom Colors - Grays - #45
1597,Taisum #1033,Custom Colors - Grays - #46
1598,Taisum #1033,Custom Colors - Grays - #47
1599,Taisum #1033,Custom Colors - Greens - #14
1600,Taisum #1033,Custom Colors - Greens - #16
1601,Taisum #1033,Custom Colors - Greens - #27
1602,Taisum #1033,Custom Colors - Greens - #29
1603,Taisum #1033,Custom Colors - Greens - #30
1604,Taisum #1033,Custom Colors - Greens - #35
1605,Taisum #1033,Custom Colors - Greens - #37
1606,Taisum #1033,Custom Colors - Greens - #44
1607,Taisum #1033,Custom Colors - Greens - #52
1608,Taisum #1033,Custom Colors - Greens - #55
1609,Taisum #1033,Custom Colors - Greens - #56
1610,Taisum #1033,Custom Colors - Neutrals - #06
1611,Taisum #1033,Custom Colors - Neutrals - #08
1612,Taisum #1033,Custom Colors - Neutrals - #12
1613,Taisum #1033,Custom Colors - Neutrals - #22
1614,Taisum #1033,Custom Colors - Neutrals - #24
1615,Taisum #1033,Custom Colors - Neutrals - #25
1616,Taisum #1033,Custom Colors - Neutrals - #34
1617,Taisum #1033,Custom Colors - Neutrals - #49
1618,Taisum #1033,Custom Colors - Neutrals - #50
1619,Taisum #1033,Custom Colors - Off White - #1
1620,Taisum #1033,Custom Colors - Orange - #9
1621,Taisum #1033,Custom Colors - Purple - #15
1622,Taisum #1033,Custom Colors - Purple - #26
1623,Taisum #1033,Custom Colors - Purple - #36
1624,Taisum #1033,Custom Colors - Purple - #43
1625,Taisum #1033,Custom Colors - Purple - #53
1626,Taisum #1033,Custom Colors - Purple - #57
1627,Taisum #1033,Custom Colors - Red - #18
1628,Taisum #1033,Custom Colors - Red - #32
1629,Taisum #1033,Custom Print # Light Camo
1630,Taisum #1033,Dark Chocolate #48 Cream Polka Dot - 11-4302 TCX
1631,Taisum #1033,Inventory Color - Ash Grey - #46
1632,Taisum #1033,Inventory Color - Black - #17
1633,Taisum #1033,Inventory Color - Buttermilk - #3
1634,Taisum #1033,Inventory Color - Navy - #31
1635,Taisum #1033,Inventory Color - Pink - #21
1636,Taisum #1033,Inventory Color - Sand - #5
1637,Taisum #1033,Inventory Color - Slate Blue - #54
1638,Taisum #1033,Inventory Color - White - #2
1639,Taisum #1033,MTO Color - Acorn # 08
1640,Taisum #1033,MTO Color - Almond # 10
1641,Taisum #1033,MTO Color - Anvil # 39
1642,Taisum #1033,MTO Color - Ash Grey #46 & Navy #31
1643,Taisum #1033,MTO Color - Ash Grey - #46
1644,Taisum #1033,MTO Color - Ash/Cherry - #46/#18
1645,Taisum #1033,MTO Color - Aubergine # 36
1646,Taisum #1033,MTO Color - Bahama Yellow - #51
1647,Taisum #1033,MTO Color - Bark # 34
1648,Taisum #1033,MTO Color - Black - #17
1649,Taisum #1033,MTO Color - Burgundy - #57
1650,Taisum #1033,MTO Color - Buttermilk #3 & Navy #31
1651,Taisum #1033,MTO Color - Buttermilk - #3
1652,Taisum #1033,MTO Color - Cherry - #18
1653,Taisum #1033,MTO Color - Chestnut # 42
1654,Taisum #1033,MTO Color - Cinder # 16
1655,Taisum #1033,MTO Color - Clover # 14
1656,Taisum #1033,MTO Color - Coal # 44
1657,Taisum #1033,MTO Color - Cornflower # 15
1658,Taisum #1033,MTO Color - Crimson #32 & Pink #21
1659,Taisum #1033,MTO Color - Crimson Red - #32
1660,Taisum #1033,MTO Color - Cypress # 55
1661,Taisum #1033,MTO Color - Dark Chocolate #48 & Buttermilk #3
1662,Taisum #1033,MTO Color - Dark Chocolate #48 & Pink #21
1663,Taisum #1033,MTO Color - Dark Chocolate - #48
1664,Taisum #1033,MTO Color - Denim Blue - #38
1665,Taisum #1033,MTO Color - Driftwood # 25
1666,Taisum #1033,MTO Color - Elderberry # 43
1667,Taisum #1033,MTO Color - Fig # JF-015
1668,Taisum #1033,MTO Color - Flint # 11
1669,Taisum #1033,MTO Color - Forest Green - #35
1670,Taisum #1033,MTO Color - Grain # 22
1671,Taisum #1033,MTO Color - Graphite # 07
1672,Taisum #1033,MTO Color - Green - #37
1673,Taisum #1033,MTO Color - Harbor # 38
1674,Taisum #1033,MTO Color - Heathered Grey - #4
1675,Taisum #1033,MTO Color - Hemp # 12
1676,Taisum #1033,MTO Color - Hunter # 37
1677,Taisum #1033,MTO Color - Ink # 13
1678,Taisum #1033,MTO Color - Khaki # 06
1679,Taisum #1033,MTO Color - Lichen # 29
1680,Taisum #1033,MTO Color - Mocha # 40
1681,Taisum #1033,MTO Color - Mocha #143
1682,Taisum #1033,MTO Color - Mulled Wine - # 26
1683,Taisum #1033,MTO Color - Mushroom # 50
1684,Taisum #1033,MTO Color - Navy #31 & Buttermilk #3
1685,Taisum #1033,MTO Color - Navy - #31
1686,Taisum #1033,MTO Color - Navy with White Stripes - #31 #2
1687,Taisum #1033,MTO Color - Navy/White - #31/#2
1688,Taisum #1033,MTO Color - Oatmeal # 45
1689,Taisum #1033,MTO Color - Olive # 27
1690,Taisum #1033,MTO Color - Pebble # Camo
1691,Taisum #1033,MTO Color - Pink #21& Ash Grey #46
1692,Taisum #1033,MTO Color - Pink - #21
1693,Taisum #1033,MTO Color - Royal Blue - #19
1694,Taisum #1033,MTO Color - Sage # 52
1695,Taisum #1033,MTO Color - Sage Green - #23
1696,Taisum #1033,MTO Color - Sand - #5
1697,Taisum #1033,MTO Color - Sandstone # 49
1698,Taisum #1033,MTO Color - Shale # Leopard
1699,Taisum #1033,MTO Color - Slate Blue #54 & White #2
1700,Taisum #1033,MTO Color - Slate Blue - #46
1701,Taisum #1033,MTO Color - Slate Blue - #54
1702,Taisum #1033,MTO Color - Spruce # 30
1703,Taisum #1033,MTO Color - Tangerine # 09
1704,Taisum #1033,MTO Color - Taupe # 24
1705,Taisum #1033,MTO Color - Thistle # 53
1706,Taisum #1033,MTO Color - Tobacco # 41
1707,Taisum #1033,MTO Color - Walnut # 33
1708,Taisum #1033,MTO Color - White # 01
1709,Taisum #1033,MTO Color - White - #2
1710,Taisum #1033,MTO Color - White with Navy Stripes - #2 #31
1711,Taisum #1033,MTO Color - White/Navy - #2/#31
1712,Tianxing Textile Fabric Code: SL 6861 - 220GSM,Custom Color - Army Green - #37
1713,Tianxing Textile Fabric Code: SL 6861 - 220GSM,Custom Color - Baby Pink - #12
1714,Tianxing Textile Fabric Code: SL 6861 - 220GSM,Custom Color - Beige - #3
1715,Tianxing Textile Fabric Code: SL 6861 - 220GSM,Custom Color - Black - #4
1716,Tianxing Textile Fabric Code: SL 6861 - 220GSM,Custom Color - Blue - #29
1717,Tianxing Textile Fabric Code: SL 6861 - 220GSM,Custom Color - Bright Blue - #47
1718,Tianxing Textile Fabric Code: SL 6861 - 220GSM,Custom Color - Bright Pink - #33
1719,Tianxing Textile Fabric Code: SL 6861 - 220GSM,Custom Color - Charcoal Grey - #52
1720,Tianxing Textile Fabric Code: SL 6861 - 220GSM,Custom Color - Coffee Brown - #11
1721,Tianxing Textile Fabric Code: SL 6861 - 220GSM,Custom Color - Coral Pink - #40
1722,Tianxing Textile Fabric Code: SL 6861 - 220GSM,Custom Color - Cream - #45
1723,Tianxing Textile Fabric Code: SL 6861 - 220GSM,Custom Color - Dark Brown - #1
1724,Tianxing Textile Fabric Code: SL 6861 - 220GSM,Custom Color - Dark Brown - #21
1725,Tianxing Textile Fabric Code: SL 6861 - 220GSM,Custom Color - Deep Blue - #38
1726,Tianxing Textile Fabric Code: SL 6861 - 220GSM,Custom Color - Deep Red - #36
1727,Tianxing Textile Fabric Code: SL 6861 - 220GSM,Custom Color - Deep Teal - #28
1728,Tianxing Textile Fabric Code: SL 6861 - 220GSM,Custom Color - Grey - #16
1729,Tianxing Textile Fabric Code: SL 6861 - 220GSM,Custom Color - Indigo - #44
1730,Tianxing Textile Fabric Code: SL 6861 - 220GSM,Custom Color - Light Blue - #19
1731,Tianxing Textile Fabric Code: SL 6861 - 220GSM,Custom Color - Light Blush - #31
1732,Tianxing Textile Fabric Code: SL 6861 - 220GSM,Custom Color - Light Mauve - #25
1733,Tianxing Textile Fabric Code: SL 6861 - 220GSM,Custom Color - Maroon - #42
1734,Tianxing Textile Fabric Code: SL 6861 - 220GSM,Custom Color - Navy - #22
1735,Tianxing Textile Fabric Code: SL 6861 - 220GSM,Custom Color - Nude Pink - #49
1736,Tianxing Textile Fabric Code: SL 6861 - 220GSM,Custom Color - Off White - #2
1737,Tianxing Textile Fabric Code: SL 6861 - 220GSM,Custom Color - Olive - #14
1738,Tianxing Textile Fabric Code: SL 6861 - 220GSM,Custom Color - Orange Red - #13
1739,Tianxing Textile Fabric Code: SL 6861 - 220GSM,Custom Color - Red - #26
1740,Tianxing Textile Fabric Code: SL 6861 - 220GSM,Custom Color - Royal Blue - #9
1741,Tianxing Textile Fabric Code: SL 6861 - 220GSM,Custom Color - Rust Brown - #18
1742,Tianxing Textile Fabric Code: SL 6861 - 220GSM,Custom Color - Salmon - #53
1743,Tianxing Textile Fabric Code: SL 6861 - 220GSM,Custom Color - Sand - #10
1744,Tianxing Textile Fabric Code: SL 6861 - 220GSM,Custom Color - Silver Grey - #27
1745,Tianxing Textile Fabric Code: SL 6861 - 220GSM,Custom Color - Soft Pink - #43
1746,Tianxing Textile Fabric Code: SL 6861 - 220GSM,Custom Color - Steel Blue - #17
1747,Tianxing Textile Fabric Code: SL 6861 - 220GSM,Custom Color - Taupe - #23
1748,Tianxing Textile Fabric Code: SL 6861 - 220GSM,Custom Color - Teal Blue - #7
1749,Tianxing Textile Fabric Code: SL 6861 - 220GSM,Custom Color - White - #20
1750,Tianxing Textile Fabric Code: SL 6861 - 220GSM,Custom Color - Wine - #55
1751,Tianxing Textile Fabric Code: SL 6861 - 220GSM,Custom Color - Yellow - #34
1752,Tianxing Textile Fabric Code: TR 140 - 140GSM,Custom Color - Apple Green - #71
1753,Tianxing Textile Fabric Code: TR 140 - 140GSM,Custom Color - Army Green - #38
1754,Tianxing Textile Fabric Code: TR 140 - 140GSM,Custom Color - Ash Grey - #19
1755,Tianxing Textile Fabric Code: TR 140 - 140GSM,Custom Color - Baby Blue - #73
1756,Tianxing Textile Fabric Code: TR 140 - 140GSM,Custom Color - Beige - #29
1757,Tianxing Textile Fabric Code: TR 140 - 140GSM,Custom Color - Bright Red - #7
1758,Tianxing Textile Fabric Code: TR 140 - 140GSM,Custom Color - Bright Yellow - #27
1759,Tianxing Textile Fabric Code: TR 140 - 140GSM,Custom Color - Charcoal - #26
1760,Tianxing Textile Fabric Code: TR 140 - 140GSM,Custom Color - Chocolate Brown - #20
1761,Tianxing Textile Fabric Code: TR 140 - 140GSM,Custom Color - Classic Blue - #64
1762,Tianxing Textile Fabric Code: TR 140 - 140GSM,Custom Color - Cool Grey - #45
1763,Tianxing Textile Fabric Code: TR 140 - 140GSM,Custom Color - Coral - #5
1764,Tianxing Textile Fabric Code: TR 140 - 140GSM,Custom Color - Cream - #23
1765,Tianxing Textile Fabric Code: TR 140 - 140GSM,Custom Color - Crimson - #53
1766,Tianxing Textile Fabric Code: TR 140 - 140GSM,Custom Color - Dark Green - #16
1767,Tianxing Textile Fabric Code: TR 140 - 140GSM,Custom Color - Dark Grey - #47
1768,Tianxing Textile Fabric Code: TR 140 - 140GSM,Custom Color - Dark Teal - #21
1769,Tianxing Textile Fabric Code: TR 140 - 140GSM,Custom Color - Deep Navy - #56
1770,Tianxing Textile Fabric Code: TR 140 - 140GSM,Custom Color - Deep Purple - #13
1771,Tianxing Textile Fabric Code: TR 140 - 140GSM,Custom Color - Denim Blue - #32
1772,Tianxing Textile Fabric Code: TR 140 - 140GSM,Custom Color - Dusty Pink - #34
1773,Tianxing Textile Fabric Code: TR 140 - 140GSM,Custom Color - Fuchsia - #60
1774,Tianxing Textile Fabric Code: TR 140 - 140GSM,Custom Color - Golden Yellow - #74
1775,Tianxing Textile Fabric Code: TR 140 - 140GSM,Custom Color - Grass Green - #54
1776,Tianxing Textile Fabric Code: TR 140 - 140GSM,Custom Color - Grey - #4
1777,Tianxing Textile Fabric Code: TR 140 - 140GSM,Custom Color - Hot Pink - #10
1778,Tianxing Textile Fabric Code: TR 140 - 140GSM,Custom Color - Indigo - #57
1779,Tianxing Textile Fabric Code: TR 140 - 140GSM,Custom Color - Jet Black - #12
1780,Tianxing Textile Fabric Code: TR 140 - 140GSM,Custom Color - Lavender - #42
1781,Tianxing Textile Fabric Code: TR 140 - 140GSM,Custom Color - Lemon Yellow - #67
1782,Tianxing Textile Fabric Code: TR 140 - 140GSM,Custom Color - Light Blue - #44
1783,Tianxing Textile Fabric Code: TR 140 - 140GSM,Custom Color - Light Grey - #36
1784,Tianxing Textile Fabric Code: TR 140 - 140GSM,Custom Color - Light Silver - #69
1785,Tianxing Textile Fabric Code: TR 140 - 140GSM,Custom Color - Lime Green - #40
1786,Tianxing Textile Fabric Code: TR 140 - 140GSM,Custom Color - Magenta - #62
1787,Tianxing Textile Fabric Code: TR 140 - 140GSM,Custom Color - Maroon - #31
1788,Tianxing Textile Fabric Code: TR 140 - 140GSM,Custom Color - Midnight Blue - #51
1789,Tianxing Textile Fabric Code: TR 140 - 140GSM,Custom Color - Mint - #24
1790,Tianxing Textile Fabric Code: TR 140 - 140GSM,Custom Color - Moss Green - #65
1791,Tianxing Textile Fabric Code: TR 140 - 140GSM,Custom Color - Navy Blue - #11
1792,Tianxing Textile Fabric Code: TR 140 - 140GSM,Custom Color - Neon Green - #30
1793,Tianxing Textile Fabric Code: TR 140 - 140GSM,Custom Color - Nude - #25
1794,Tianxing Textile Fabric Code: TR 140 - 140GSM,Custom Color - Off White - #6
1795,Tianxing Textile Fabric Code: TR 140 - 140GSM,Custom Color - Olive - #37
1796,Tianxing Textile Fabric Code: TR 140 - 140GSM,Custom Color - Orange - #28
1797,Tianxing Textile Fabric Code: TR 140 - 140GSM,Custom Color - Peach - #41
1798,Tianxing Textile Fabric Code: TR 140 - 140GSM,Custom Color - Plum - #14
1799,Tianxing Textile Fabric Code: TR 140 - 140GSM,Custom Color - Purple - #35
1800,Tianxing Textile Fabric Code: TR 140 - 140GSM,Custom Color - Rose Pink - #49
1801,Tianxing Textile Fabric Code: TR 140 - 140GSM,Custom Color - Royal Purple - #59
1802,Tianxing Textile Fabric Code: TR 140 - 140GSM,Custom Color - Sage - #39
1803,Tianxing Textile Fabric Code: TR 140 - 140GSM,Custom Color - Sand - #46
1804,Tianxing Textile Fabric Code: TR 140 - 140GSM,Custom Color - Scarlet - #58
1805,Tianxing Textile Fabric Code: TR 140 - 140GSM,Custom Color - Silver Grey - #61
1806,Tianxing Textile Fabric Code: TR 140 - 140GSM,Custom Color - Sky Blue - #50
1807,Tianxing Textile Fabric Code: TR 140 - 140GSM,Custom Color - Slate Grey - #33
1808,Tianxing Textile Fabric Code: TR 140 - 140GSM,Custom Color - Snow White - #70
1809,Tianxing Textile Fabric Code: TR 140 - 140GSM,Custom Color - Soft Cream - #72
1810,Tianxing Textile Fabric Code: TR 140 - 140GSM,Custom Color - Steel Grey - #15
1811,Tianxing Textile Fabric Code: TR 140 - 140GSM,Custom Color - Taupe - #22
1812,Tianxing Textile Fabric Code: TR 140 - 140GSM,Custom Color - Teal - #17
1813,Tianxing Textile Fabric Code: TR 140 - 140GSM,Custom Color - True Red - #52
1814,Tianxing Textile Fabric Code: TR 140 - 140GSM,Custom Color - Violet - #68
1815,Tianxing Textile Fabric Code: TR 140 - 140GSM,Custom Color - Warm Grey - #48
1816,Tianxing Textile Fabric Code: TR 140 - 140GSM,Custom Color - Wine Red - #3
1817,Tianxing Textile Fabric Code: TR 140 - 140GSM,Custom Color - Yellow - #9
1818,Tianxing Textile Fabric Code: TR 140 - 140GSM,MTO Color - Black #1
1819,Tianxing Textile Fabric Code: TR 140 - 140GSM,MTO Color - White - #2
1820,"Wanbang # 8966, 220 gsm",Custom Color - Aqua Teal - #83
1821,"Wanbang # 8966, 220 gsm",Custom Color - Army Green - #85
1822,"Wanbang # 8966, 220 gsm",Custom Color - Ash Grey - #30
1823,"Wanbang # 8966, 220 gsm",Custom Color - Baby Blue - #120
1824,"Wanbang # 8966, 220 gsm",Custom Color - Baby Pink - #34
1825,"Wanbang # 8966, 220 gsm",Custom Color - Berry Purple - #77
1826,"Wanbang # 8966, 220 gsm",Custom Color - Blush Pink - #14
1827,"Wanbang # 8966, 220 gsm",Custom Color - Brick Red - #107
1828,"Wanbang # 8966, 220 gsm",Custom Color - Bright Orange - #22
1829,"Wanbang # 8966, 220 gsm",Custom Color - Bright Red - #4
1830,"Wanbang # 8966, 220 gsm",Custom Color - Bright White - #104
1831,"Wanbang # 8966, 220 gsm",Custom Color - Bronze Brown - #82
1832,"Wanbang # 8966, 220 gsm",Custom Color - Butter Yellow - #13
1833,"Wanbang # 8966, 220 gsm",Custom Color - Candy Pink - #53
1834,"Wanbang # 8966, 220 gsm",Custom Color - Carbon Black - #80
1835,"Wanbang # 8966, 220 gsm",Custom Color - Chalk White - #101
1836,"Wanbang # 8966, 220 gsm",Custom Color - Charcoal Black - #3
1837,"Wanbang # 8966, 220 gsm",Custom Color - Cherry Red - #88
1838,"Wanbang # 8966, 220 gsm",Custom Color - Chestnut Brown - #49
1839,"Wanbang # 8966, 220 gsm",Custom Color - Classic Blue - #89
1840,"Wanbang # 8966, 220 gsm",Custom Color - Clean White - #109
1841,"Wanbang # 8966, 220 gsm",Custom Color - Cocoa Brown - #28
1842,"Wanbang # 8966, 220 gsm",Custom Color - Coffee Brown - #38
1843,"Wanbang # 8966, 220 gsm",Custom Color - Cool Blue - #10
1844,"Wanbang # 8966, 220 gsm",Custom Color - Cool Grey - #42
1845,"Wanbang # 8966, 220 gsm",Custom Color - Cool White - #105
1846,"Wanbang # 8966, 220 gsm",Custom Color - Coral - #26
1847,"Wanbang # 8966, 220 gsm",Custom Color - Cream Beige - #37
1848,"Wanbang # 8966, 220 gsm",Custom Color - Crimson Red - #73
1849,"Wanbang # 8966, 220 gsm",Custom Color - Dark Ash Grey - #86
1850,"Wanbang # 8966, 220 gsm",Custom Color - Dark Chocolate - #113
1851,"Wanbang # 8966, 220 gsm",Custom Color - Dark Cocoa - #71
1852,"Wanbang # 8966, 220 gsm",Custom Color - Dark Coffee - #78
1853,"Wanbang # 8966, 220 gsm",Custom Color - Dark Olive - #99
1854,"Wanbang # 8966, 220 gsm",Custom Color - Deep Blue - #66
1855,"Wanbang # 8966, 220 gsm",Custom Color - Deep Green - #112
1856,"Wanbang # 8966, 220 gsm",Custom Color - Deep Navy - #87
1857,"Wanbang # 8966, 220 gsm",Custom Color - Deep Purple - #45
1858,"Wanbang # 8966, 220 gsm",Custom Color - Denim Blue - #19
1859,"Wanbang # 8966, 220 gsm",Custom Color - Desert Beige - #111
1860,"Wanbang # 8966, 220 gsm",Custom Color - Dusty Pink - #11
1861,"Wanbang # 8966, 220 gsm",Custom Color - Dusty Purple - #96
1862,"Wanbang # 8966, 220 gsm",Custom Color - Earth Brown - #60
1863,"Wanbang # 8966, 220 gsm",Custom Color - Eggplant Purple - #121
1864,"Wanbang # 8966, 220 gsm",Custom Color - Eggshell White - #41
1865,"Wanbang # 8966, 220 gsm",Custom Color - Flamingo Pink - #54
1866,"Wanbang # 8966, 220 gsm",Custom Color - Forest Green - #74
1867,"Wanbang # 8966, 220 gsm",Custom Color - Fresh Green - #9
1868,"Wanbang # 8966, 220 gsm",Custom Color - Fresh Mint - #110
1869,"Wanbang # 8966, 220 gsm",Custom Color - Golden Yellow - #108
1870,"Wanbang # 8966, 220 gsm",Custom Color - Granite Grey - #95
1871,"Wanbang # 8966, 220 gsm",Custom Color - Grape Purple - #119
1872,"Wanbang # 8966, 220 gsm",Custom Color - Graphite Grey - #64
1873,"Wanbang # 8966, 220 gsm",Custom Color - Heather Grey - #47
1874,"Wanbang # 8966, 220 gsm",Custom Color - Hot Pink - #62
1875,"Wanbang # 8966, 220 gsm",Custom Color - Ice Blue - #115
1876,"Wanbang # 8966, 220 gsm",Custom Color - Ink Black - #79
1877,"Wanbang # 8966, 220 gsm",Custom Color - Ivory White - #18
1878,"Wanbang # 8966, 220 gsm",Custom Color - Jet Black - #44
1879,"Wanbang # 8966, 220 gsm",Custom Color - Lavender - #16
1880,"Wanbang # 8966, 220 gsm",Custom Color - Light Blue - #1
1881,"Wanbang # 8966, 220 gsm",Custom Color - Light Cream - #124
1882,"Wanbang # 8966, 220 gsm",Custom Color - Light Olive - #97
1883,"Wanbang # 8966, 220 gsm",Custom Color - Light Sand - #57
1884,"Wanbang # 8966, 220 gsm",Custom Color - Light Taupe - #23
1885,"Wanbang # 8966, 220 gsm",Custom Color - Lilac - #27
1886,"Wanbang # 8966, 220 gsm",Custom Color - Lime Green - #40
1887,"Wanbang # 8966, 220 gsm",Custom Color - Maroon - #117
1888,"Wanbang # 8966, 220 gsm",Custom Color - Matte Black - #92
1889,"Wanbang # 8966, 220 gsm",Custom Color - Medium Grey - #114
1890,"Wanbang # 8966, 220 gsm",Custom Color - Midnight Black - #46
1891,"Wanbang # 8966, 220 gsm",Custom Color - Military Olive - #98
1892,"Wanbang # 8966, 220 gsm",Custom Color - Mint Green - #15
1893,"Wanbang # 8966, 220 gsm",Custom Color - Mist Grey - #67
1894,"Wanbang # 8966, 220 gsm",Custom Color - Moss Green - #20
1895,"Wanbang # 8966, 220 gsm",Custom Color - Mud Brown - #76
1896,"Wanbang # 8966, 220 gsm",Custom Color - Mustard Yellow - #31
1897,"Wanbang # 8966, 220 gsm",Custom Color - Navy Blue - #56
1898,"Wanbang # 8966, 220 gsm",Custom Color - Neutral Grey - #106
1899,"Wanbang # 8966, 220 gsm",Custom Color - Nude Beige - #29
1900,"Wanbang # 8966, 220 gsm",Custom Color - Ocean Teal - #90
1901,"Wanbang # 8966, 220 gsm",Custom Color - Olive Drab - #93
1902,"Wanbang # 8966, 220 gsm",Custom Color - Olive Green - #12
1903,"Wanbang # 8966, 220 gsm",Custom Color - Orchid Purple - #70
1904,"Wanbang # 8966, 220 gsm",Custom Color - Pale Cream - #58
1905,"Wanbang # 8966, 220 gsm",Custom Color - Pale Yellow - #5
1906,"Wanbang # 8966, 220 gsm",Custom Color - Peach - #8
1907,"Wanbang # 8966, 220 gsm",Custom Color - Petal Pink - #61
1908,"Wanbang # 8966, 220 gsm",Custom Color - Pine Green - #118
1909,"Wanbang # 8966, 220 gsm",Custom Color - Pink Rose - #51
1910,"Wanbang # 8966, 220 gsm",Custom Color - Pitch Black - #72
1911,"Wanbang # 8966, 220 gsm",Custom Color - Plum - #32
1912,"Wanbang # 8966, 220 gsm",Custom Color - Powder Pink - #36
1913,"Wanbang # 8966, 220 gsm",Custom Color - Pure White - #6
1914,"Wanbang # 8966, 220 gsm",Custom Color - Rose Pink - #25
1915,"Wanbang # 8966, 220 gsm",Custom Color - Rosy Pink - #65
1916,"Wanbang # 8966, 220 gsm",Custom Color - Royal Blue - #52
1917,"Wanbang # 8966, 220 gsm",Custom Color - Royal Purple - #91
1918,"Wanbang # 8966, 220 gsm",Custom Color - Rustic Brown - #100
1919,"Wanbang # 8966, 220 gsm",Custom Color - Saddle Brown - #116
1920,"Wanbang # 8966, 220 gsm",Custom Color - Sage Green - #75
1921,"Wanbang # 8966, 220 gsm",Custom Color - Sand Beige - #17
1922,"Wanbang # 8966, 220 gsm",Custom Color - Scarlet Red - #35
1923,"Wanbang # 8966, 220 gsm",Custom Color - Silver Grey - #55
1924,"Wanbang # 8966, 220 gsm",Custom Color - Sky Blue - #24
1925,"Wanbang # 8966, 220 gsm",Custom Color - Slate Grey - #81
1926,"Wanbang # 8966, 220 gsm",Custom Color - Snow White - #59
1927,"Wanbang # 8966, 220 gsm",Custom Color - Soft Blush - #69
1928,"Wanbang # 8966, 220 gsm",Custom Color - Soft Cream - #7
1929,"Wanbang # 8966, 220 gsm",Custom Color - Soft Ivory - #102
1930,"Wanbang # 8966, 220 gsm",Custom Color - Soft Lilac - #33
1931,"Wanbang # 8966, 220 gsm",Custom Color - Soft Rose - #48
1932,"Wanbang # 8966, 220 gsm",Custom Color - Spring Green - #123
1933,"Wanbang # 8966, 220 gsm",Custom Color - Steel Grey - #39
1934,"Wanbang # 8966, 220 gsm",Custom Color - Storm Grey - #84
1935,"Wanbang # 8966, 220 gsm",Custom Color - Sun Yellow - #122
1936,"Wanbang # 8966, 220 gsm",Custom Color - Teal Blue - #63
1937,"Wanbang # 8966, 220 gsm",Custom Color - True Black - #68
1938,"Wanbang # 8966, 220 gsm",Custom Color - Vanilla Cream - #50
1939,"Wanbang # 8966, 220 gsm",Custom Color - Violet - #21
1940,"Wanbang # 8966, 220 gsm",Custom Color - Walnut Brown - #43
1941,"Wanbang # 8966, 220 gsm",Custom Color - Warm Cream - #103
1942,"Wanbang # 8966, 220 gsm",Custom Color - Warm White - #2
1943,"Wanbang # 8966, 220 gsm",Custom Color - Wine Red - #94
1944,XinCaiFeng 18001 460 G,Baby Pink/White #46
1945,XinCaiFeng 18001 460 G,Ice Blue/White Stripe #68
1946,XinCaiFeng 18732 460 G,Crimson/Pink #8
1947,"Xinghai, fabric number: 3A3505",Custom Color - Black with Sand Stripe - #21
1948,"Xinghai, fabric number: 3A3505",Custom Color - Black with White Stripe - #2
1949,"Xinghai, fabric number: 3A3505",Custom Color - Bright Red with White Stripe - #15
1950,"Xinghai, fabric number: 3A3505",Custom Color - Burgundy with White Stripe - #4
1951,"Xinghai, fabric number: 3A3505",Custom Color - Camel Brown with White Stripe - #11
1952,"Xinghai, fabric number: 3A3505",Custom Color - Charcoal Grey with Mustard Stripe - #18
1953,"Xinghai, fabric number: 3A3505",Custom Color - Charcoal Grey with White Stripe - #14
1954,"Xinghai, fabric number: 3A3505",Custom Color - Dark Charcoal with White Stripe - #16
1955,"Xinghai, fabric number: 3A3505",Custom Color - Dark Navy with White Stripe - #3
1956,"Xinghai, fabric number: 3A3505",Custom Color - Denim Blue with White Stripe - #12
1957,"Xinghai, fabric number: 3A3505",Custom Color - Dusty Purple with White Stripe - #7
1958,"Xinghai, fabric number: 3A3505",Custom Color - Forest Green with White Stripe - #10
1959,"Xinghai, fabric number: 3A3505",Custom Color - Hot Pink with White Stripe - #5
1960,"Xinghai, fabric number: 3A3505",Custom Color - Light Grey with Black Stripe - #1
1961,"Xinghai, fabric number: 3A3505",Custom Color - Light Grey with Black Stripe - #17
1962,"Xinghai, fabric number: 3A3505",Custom Color - Olive Green with White Stripe - #8
1963,"Xinghai, fabric number: 3A3505",Custom Color - Periwinkle Blue with White Stripe - #6
1964,"Xinghai, fabric number: 3A3505",Custom Color - Royal Blue with Mustard Stripe - #19
1965,"Xinghai, fabric number: 3A3505",Custom Color - Royal Blue with White Stripe - #9
1966,"Xinghai, fabric number: 3A3505",Custom Color - Same as the Proof
1967,"Xinghai, fabric number: 3A3505",Custom Color - Sand Beige with Black Stripe - #20
1968,"Xinghai, fabric number: 3A3505",Custom Color - Steel Blue with White Stripe - #13
1969,YiWan # 8001 - 95 GSM,Custom Color - Aqua Blue - #41
1970,YiWan # 8001 - 95 GSM,Custom Color - Aqua Green - #5
1971,YiWan # 8001 - 95 GSM,Custom Color - Army Green - #75
1972,YiWan # 8001 - 95 GSM,Custom Color - Ash Grey - #76
1973,YiWan # 8001 - 95 GSM,Custom Color - Baby Blue - #100
1974,YiWan # 8001 - 95 GSM,Custom Color - Baby Pink - #4
1975,YiWan # 8001 - 95 GSM,Custom Color - Beige Grey - #103
1976,YiWan # 8001 - 95 GSM,Custom Color - Blush Pink - #65
1977,YiWan # 8001 - 95 GSM,Custom Color - Bottle Green - #128
1978,YiWan # 8001 - 95 GSM,Custom Color - Brick Red - #107
1979,YiWan # 8001 - 95 GSM,Custom Color - Bright Green - #64
1980,YiWan # 8001 - 95 GSM,Custom Color - Bright Orange - #54
1981,YiWan # 8001 - 95 GSM,Custom Color - Bright Red - #1
1982,YiWan # 8001 - 95 GSM,Custom Color - Burgundy - #117
1983,YiWan # 8001 - 95 GSM,Custom Color - Chestnut - #43
1984,YiWan # 8001 - 95 GSM,Custom Color - Classic Red - #81
1985,YiWan # 8001 - 95 GSM,Custom Color - Clay Brown - #33
1986,YiWan # 8001 - 95 GSM,Custom Color - Clean White - #12
1987,YiWan # 8001 - 95 GSM,Custom Color - Cocoa Brown - #72
1988,YiWan # 8001 - 95 GSM,Custom Color - Cool White - #104
1989,YiWan # 8001 - 95 GSM,Custom Color - Cool White - #16
1990,YiWan # 8001 - 95 GSM,Custom Color - Copper Orange - #49
1991,YiWan # 8001 - 95 GSM,Custom Color - Coral Pink - #45
1992,YiWan # 8001 - 95 GSM,Custom Color - Cream Grey - #106
1993,YiWan # 8001 - 95 GSM,Custom Color - Cream Yellow - #70
1994,YiWan # 8001 - 95 GSM,Custom Color - Crisp White - #92
1995,YiWan # 8001 - 95 GSM,Custom Color - Cyan Blue - #59
1996,YiWan # 8001 - 95 GSM,Custom Color - Dark Brown - #11
1997,YiWan # 8001 - 95 GSM,Custom Color - Dark Chocolate - #25
1998,YiWan # 8001 - 95 GSM,Custom Color - Dark Coffee - #113
1999,YiWan # 8001 - 95 GSM,Custom Color - Dark Plum - #126
2000,YiWan # 8001 - 95 GSM,Custom Color - Dark Teal - #123
2001,YiWan # 8001 - 95 GSM,Custom Color - Dark Teal - #94
2002,YiWan # 8001 - 95 GSM,Custom Color - Deep Green - #88
2003,YiWan # 8001 - 95 GSM,Custom Color - Deep Navy - #98
2004,YiWan # 8001 - 95 GSM,Custom Color - Deep Olive - #112
2005,YiWan # 8001 - 95 GSM,Custom Color - Deep Pink - #121
2006,YiWan # 8001 - 95 GSM,Custom Color - Deep Pink - #7
2007,YiWan # 8001 - 95 GSM,Custom Color - Deep Purple - #58
2008,YiWan # 8001 - 95 GSM,Custom Color - Deep Teal - #36
2009,YiWan # 8001 - 95 GSM,Custom Color - Denim Blue - #120
2010,YiWan # 8001 - 95 GSM,Custom Color - Desert Beige - #111
2011,YiWan # 8001 - 95 GSM,Custom Color - Dusty Pink - #27
2012,YiWan # 8001 - 95 GSM,Custom Color - Electric Blue - #61
2013,YiWan # 8001 - 95 GSM,Custom Color - Emerald Green - #82
2014,YiWan # 8001 - 95 GSM,Custom Color - Forest Green - #97
2015,YiWan # 8001 - 95 GSM,Custom Color - Fresh Mint - #105
2016,YiWan # 8001 - 95 GSM,Custom Color - Frost Blue - #115
2017,YiWan # 8001 - 95 GSM,Custom Color - Fuchsia - #73
2018,YiWan # 8001 - 95 GSM,Custom Color - Gold Beige - #13
2019,YiWan # 8001 - 95 GSM,Custom Color - Golden Beige - #74
2020,YiWan # 8001 - 95 GSM,Custom Color - Golden Yellow - #131
2021,YiWan # 8001 - 95 GSM,Custom Color - Grape Purple - #119
2022,YiWan # 8001 - 95 GSM,Custom Color - Grass Green - #132
2023,YiWan # 8001 - 95 GSM,Custom Color - Heather Grey - #114
2024,YiWan # 8001 - 95 GSM,Custom Color - Hot Pink - #47
2025,YiWan # 8001 - 95 GSM,Custom Color - Ice Blue - #14
2026,YiWan # 8001 - 95 GSM,Custom Color - Ice Grey - #99
2027,YiWan # 8001 - 95 GSM,Custom Color - Indigo - #89
2028,YiWan # 8001 - 95 GSM,Custom Color - Ivory - #24
2029,YiWan # 8001 - 95 GSM,Custom Color - Jet Black - #17
2030,YiWan # 8001 - 95 GSM,Custom Color - Khaki - #79
2031,YiWan # 8001 - 95 GSM,Custom Color - Lavender - #55
2032,YiWan # 8001 - 95 GSM,Custom Color - Lemon Yellow - #78
2033,YiWan # 8001 - 95 GSM,Custom Color - Light Blush - #18
2034,YiWan # 8001 - 95 GSM,Custom Color - Light Cream - #44
2035,YiWan # 8001 - 95 GSM,Custom Color - Light Cyan - #69
2036,YiWan # 8001 - 95 GSM,Custom Color - Light Grey - #2
2037,YiWan # 8001 - 95 GSM,Custom Color - Light Lavender - #129
2038,YiWan # 8001 - 95 GSM,Custom Color - Light Lilac - #62
2039,YiWan # 8001 - 95 GSM,Custom Color - Light Olive - #110
2040,YiWan # 8001 - 95 GSM,Custom Color - Light Peach - #101
2041,YiWan # 8001 - 95 GSM,Custom Color - Light Sage - #31
2042,YiWan # 8001 - 95 GSM,Custom Color - Lime Green - #71
2043,YiWan # 8001 - 95 GSM,Custom Color - Magenta - #68
2044,YiWan # 8001 - 95 GSM,Custom Color - Mahogany - #134
2045,YiWan # 8001 - 95 GSM,Custom Color - Mauve - #8
2046,YiWan # 8001 - 95 GSM,Custom Color - Midnight Blue - #85
2047,YiWan # 8001 - 95 GSM,Custom Color - Mint Green - #26
2048,YiWan # 8001 - 95 GSM,Custom Color - Mist Blue - #130
2049,YiWan # 8001 - 95 GSM,Custom Color - Moss Green - #39
2050,YiWan # 8001 - 95 GSM,Custom Color - Mustard - #35
2051,YiWan # 8001 - 95 GSM,Custom Color - Navy - #95
2052,YiWan # 8001 - 95 GSM,Custom Color - Neon Green - #124
2053,YiWan # 8001 - 95 GSM,Custom Color - Neon Orange - #77
2054,YiWan # 8001 - 95 GSM,Custom Color - Neon Red - #46
2055,YiWan # 8001 - 95 GSM,Custom Color - Nude Beige - #9
2056,YiWan # 8001 - 95 GSM,Custom Color - Ocean Blue - #93
2057,YiWan # 8001 - 95 GSM,Custom Color - Olive Drab - #96
2058,YiWan # 8001 - 95 GSM,Custom Color - Olive Green - #38
2059,YiWan # 8001 - 95 GSM,Custom Color - Orchid - #91
2060,YiWan # 8001 - 95 GSM,Custom Color - Pale Mint - #80
2061,YiWan # 8001 - 95 GSM,Custom Color - Pale Yellow - #3
2062,YiWan # 8001 - 95 GSM,Custom Color - Peach - #53
2063,YiWan # 8001 - 95 GSM,Custom Color - Pine Green - #118
2064,YiWan # 8001 - 95 GSM,Custom Color - Pink Beige - #32
2065,YiWan # 8001 - 95 GSM,Custom Color - Pistachio - #67
2066,YiWan # 8001 - 95 GSM,Custom Color - Plum Pink - #40
2067,YiWan # 8001 - 95 GSM,Custom Color - Powder Blue - #133
2068,YiWan # 8001 - 95 GSM,Custom Color - Powder Blue - #21
2069,YiWan # 8001 - 95 GSM,Custom Color - Pure White - #109
2070,YiWan # 8001 - 95 GSM,Custom Color - Purple Blue - #90
2071,YiWan # 8001 - 95 GSM,Custom Color - Raspberry - #122
2072,YiWan # 8001 - 95 GSM,Custom Color - Rose Beige - #29
2073,YiWan # 8001 - 95 GSM,Custom Color - Rose Pink - #66
2074,YiWan # 8001 - 95 GSM,Custom Color - Royal Blue - #52
2075,YiWan # 8001 - 95 GSM,Custom Color - Rust Orange - #127
2076,YiWan # 8001 - 95 GSM,Custom Color - Saddle Brown - #116
2077,YiWan # 8001 - 95 GSM,Custom Color - Sage Green - #30
2078,YiWan # 8001 - 95 GSM,Custom Color - Salmon Pink - #83
2079,YiWan # 8001 - 95 GSM,Custom Color - Sand Beige - #63
2080,YiWan # 8001 - 95 GSM,Custom Color - Sand Yellow - #37
2081,YiWan # 8001 - 95 GSM,Custom Color - Silver Grey - #19
2082,YiWan # 8001 - 95 GSM,Custom Color - Sky Blue - #6
2083,YiWan # 8001 - 95 GSM,Custom Color - Sky Yellow - #108
2084,YiWan # 8001 - 95 GSM,Custom Color - Slate Green - #48
2085,YiWan # 8001 - 95 GSM,Custom Color - Snow White - #60
2086,YiWan # 8001 - 95 GSM,Custom Color - Soft Beige - #51
2087,YiWan # 8001 - 95 GSM,Custom Color - Soft Blue - #102
2088,YiWan # 8001 - 95 GSM,Custom Color - Soft Cream - #10
2089,YiWan # 8001 - 95 GSM,Custom Color - Soft Lilac - #125
2090,YiWan # 8001 - 95 GSM,Custom Color - Soft Pink - #23
2091,YiWan # 8001 - 95 GSM,Custom Color - Steel Grey - #50
2092,YiWan # 8001 - 95 GSM,Custom Color - Sun Yellow - #87
2093,YiWan # 8001 - 95 GSM,Custom Color - Tan - #15
2094,YiWan # 8001 - 95 GSM,Custom Color - Taupe - #42
2095,YiWan # 8001 - 95 GSM,Custom Color - Teal - #57
2096,YiWan # 8001 - 95 GSM,Custom Color - Teal Blue - #28
2097,YiWan # 8001 - 95 GSM,Custom Color - Turquoise - #84
2098,YiWan # 8001 - 95 GSM,Custom Color - Vanilla - #56
2099,YiWan # 8001 - 95 GSM,Custom Color - Violet - #86
2100,YiWan # 8001 - 95 GSM,Custom Color - Warm Beige - #20
2101,YiWan # 8001 - 95 GSM,Custom Color - Wine Red - #22
2102,YiWan # 8001 - 95 GSM,MTO Color - Off White - #34
2103,Zhanye C32128,MTO Color -Navy White Mustard Stripes #1
2104,Zhanye C32128,MTO Color -Navy White Pink Stripes #3
